scenario,method,n_train,eta,delta,n_rep,coverage_mean,coverage_std,cvar10_value_mean,cvar10_value_std,emp_nominal_value_mean,emp_nominal_value_std,emp_robust_value_mean,emp_robust_value_std,emp_true_value_mean,emp_true_value_std,epsilon_mean,epsilon_std,gamma_u_mean,gamma_u_std,gap_mean,gap_std,hotspot_treat1_rate_mean,hotspot_treat1_rate_std,kl_to_prior_mean,kl_to_prior_std,lcb_mean,lcb_std,q05_value_mean,q05_value_std,selected_u_raw_mean,selected_u_raw_std,true_regret_mean,true_regret_std,true_value_mean,true_value_std
S0,owl_standard,200,nan,nan,25,nan,nan,0.2733907488189536,0.031526182929642224,0.6560726771291833,0.03392976306260332,0.6560726771291833,0.03392976306260332,0.6560726771291833,0.03392976306260332,0.5,0.0,0.0,0.0,nan,nan,0.18070999999999998,0.05251609078812575,nan,nan,nan,nan,0.2865916520086774,0.0352904317124358,0.0,0.0,0.0008592258622040693,0.004378146447515133,0.5424056315138226,0.011438572927786612
S0,owl_clipped,200,nan,nan,25,nan,nan,0.27472780962024834,0.03632166058594215,0.6522956314591286,0.04315645306843316,0.6522956314591286,0.04315645306843316,0.6522956314591286,0.04315645306843316,0.5,0.0,0.0,0.0,nan,nan,0.180276,0.05034591410101386,nan,nan,nan,nan,0.28824440560104747,0.040555048841941506,0.0,0.0,0.0004745840449890748,0.004649282706176941,0.5427902733310376,0.01374440370329943
S0,owl_robust_map,200,nan,nan,25,nan,nan,0.2699214913953265,0.028885319793412592,0.6552301912389664,0.0364464042213637,0.6552301912389664,0.0364464042213637,0.6552301912389664,0.0364464042213637,0.5,0.0,0.0,0.0,nan,nan,0.18033400000000005,0.05063858402114604,nan,nan,nan,nan,0.282940550947583,0.03280896880657931,0.0,0.0,0.001861558213756842,0.005667060551189871,0.5414032991622698,0.010847739020233595
S0,oracle_true_owl,200,nan,nan,25,nan,nan,0.2753503705087741,0.03348063558173158,0.6540321350586865,0.04223850322181535,0.6540321350586865,0.04223850322181535,0.6540321350586865,0.04223850322181535,0.5,0.0,0.0,0.0,nan,nan,0.17805800000000002,0.05131819584708722,nan,nan,nan,nan,0.2889770210448155,0.037529834898862725,0.0,0.0,0.0,0.0,0.5432648573760267,0.011996353172130814
S0,pac_nominal_gibbs,200,0.3,nan,25,nan,nan,0.3071958356166574,0.03308046812741657,0.6407513493745707,0.03656091875712257,0.6407513493745707,0.03656091875712257,0.6407513493745707,0.03656091875712257,0.5,0.0,0.0,0.0,nan,nan,0.19001511347526204,0.044208206699777236,1.063937285075802,0.2609657438990866,nan,nan,0.3201435730165101,0.036037975667594126,0.0,0.0,0.006307134785669541,0.004152151789614556,0.536957722590357,0.0111054645833223
S0,pac_robust_gibbs,200,0.3,0.2,25,0.96,0.2,0.3071958356166574,0.03308046812741657,0.6407513493745707,0.03656091875712257,0.6407513493745707,0.03656091875712257,0.6407513493745707,0.03656091875712257,0.5,0.0,0.0,0.0,0.0603188797994498,0.02792859287082604,0.19001511347526204,0.044208206699777236,1.063937285075802,0.2609657438990866,0.4766388427909074,0.030715963028483485,0.3201435730165101,0.036037975667594126,0.0,0.0,0.006307134785669541,0.004152151789614556,0.536957722590357,0.0111054645833223
S0,pac_robust_gibbs,200,0.3,0.1,25,1.0,0.0,0.3071958356166574,0.03308046812741657,0.6407513493745707,0.03656091875712257,0.6407513493745707,0.03656091875712257,0.6407513493745707,0.03656091875712257,0.5,0.0,0.0,0.0,0.08342378581811465,0.02792859287082603,0.19001511347526204,0.044208206699777236,1.063937285075802,0.2609657438990866,0.4535339367722425,0.03071596302848348,0.3201435730165101,0.036037975667594126,0.0,0.0,0.006307134785669541,0.004152151789614556,0.536957722590357,0.0111054645833223
S0,pac_robust_gibbs,200,0.3,0.05,25,1.0,0.0,0.3071958356166574,0.03308046812741657,0.6407513493745707,0.03656091875712257,0.6407513493745707,0.03656091875712257,0.6407513493745707,0.03656091875712257,0.5,0.0,0.0,0.0,0.10652869183677949,0.02792859287082603,0.19001511347526204,0.044208206699777236,1.063937285075802,0.2609657438990866,0.4304290307535777,0.03071596302848348,0.3201435730165101,0.036037975667594126,0.0,0.0,0.006307134785669541,0.004152151789614556,0.536957722590357,0.0111054645833223
S0,pac_nominal_gibbs,200,1.0,nan,25,nan,nan,0.286565972732582,0.03722909295469277,0.6619986980023733,0.034547562428089436,0.6619986980023733,0.034547562428089436,0.6619986980023733,0.034547562428089436,0.5,0.0,0.0,0.0,nan,nan,0.18104456653024573,0.05108434075844574,2.08009124890352,0.3747467967964898,nan,nan,0.30095316162569324,0.041272743835766,0.0,0.0,0.00010940806029313688,0.004072001382583251,0.5431554493157337,0.01247620574439421
S0,pac_robust_gibbs,200,1.0,0.2,25,1.0,0.0,0.286565972732582,0.03722909295469277,0.6619986980023733,0.034547562428089436,0.6619986980023733,0.034547562428089436,0.6619986980023733,0.034547562428089436,0.5,0.0,0.0,0.0,0.16805204292673642,0.03161853564795608,0.18104456653024573,0.05108434075844574,2.08009124890352,0.3747467967964898,0.37510340638899714,0.03376728219094223,0.30095316162569324,0.041272743835766,0.0,0.0,0.00010940806029313688,0.004072001382583251,0.5431554493157337,0.01247620574439421
S0,pac_robust_gibbs,200,1.0,0.1,25,1.0,0.0,0.286565972732582,0.03722909295469277,0.6619986980023733,0.034547562428089436,0.6619986980023733,0.034547562428089436,0.6619986980023733,0.034547562428089436,0.5,0.0,0.0,0.0,0.17498351473233587,0.03161853564795608,0.18104456653024573,0.05108434075844574,2.08009124890352,0.3747467967964898,0.36817193458339775,0.03376728219094223,0.30095316162569324,0.041272743835766,0.0,0.0,0.00010940806029313688,0.004072001382583251,0.5431554493157337,0.01247620574439421
S0,pac_robust_gibbs,200,1.0,0.05,25,1.0,0.0,0.286565972732582,0.03722909295469277,0.6619986980023733,0.034547562428089436,0.6619986980023733,0.034547562428089436,0.6619986980023733,0.034547562428089436,0.5,0.0,0.0,0.0,0.18191498653793534,0.03161853564795609,0.18104456653024573,0.05108434075844574,2.08009124890352,0.3747467967964898,0.3612404627777983,0.03376728219094224,0.30095316162569324,0.041272743835766,0.0,0.0,0.00010940806029313688,0.004072001382583251,0.5431554493157337,0.01247620574439421
S0,pac_nominal_gibbs,200,3.0,nan,25,nan,nan,0.2825573231916101,0.0364598652307441,0.664861047640613,0.03418034763136374,0.664861047640613,0.03418034763136374,0.664861047640613,0.03418034763136374,0.5,0.0,0.0,0.0,nan,nan,0.1803899366627846,0.05239436393135707,2.533051220425555,0.5060996132680845,nan,nan,0.29676707438365335,0.04047112427238417,0.0,0.0,-0.0007565212836285484,0.004368949127676986,0.5440213786596553,0.012891980132839936
S0,pac_robust_gibbs,200,3.0,0.2,25,1.0,0.0,0.2825573231916101,0.0364598652307441,0.664861047640613,0.03418034763136374,0.664861047640613,0.03418034763136374,0.664861047640613,0.03418034763136374,0.5,0.0,0.0,0.0,0.6429686281285742,0.03156427251351151,0.1803899366627846,0.05239436393135707,2.533051220425555,0.5060996132680845,-0.09894724946891893,0.03406501650622971,0.29676707438365335,0.04047112427238417,0.0,0.0,-0.0007565212836285484,0.004368949127676986,0.5440213786596553,0.012891980132839936
S0,pac_robust_gibbs,200,3.0,0.1,25,1.0,0.0,0.2825573231916101,0.0364598652307441,0.664861047640613,0.03418034763136374,0.664861047640613,0.03418034763136374,0.664861047640613,0.03418034763136374,0.5,0.0,0.0,0.0,0.6452791187304406,0.0315642725135115,0.1803899366627846,0.05239436393135707,2.533051220425555,0.5060996132680845,-0.1012577400707854,0.03406501650622971,0.29676707438365335,0.04047112427238417,0.0,0.0,-0.0007565212836285484,0.004368949127676986,0.5440213786596553,0.012891980132839936
S0,pac_robust_gibbs,200,3.0,0.05,25,1.0,0.0,0.2825573231916101,0.0364598652307441,0.664861047640613,0.03418034763136374,0.664861047640613,0.03418034763136374,0.664861047640613,0.03418034763136374,0.5,0.0,0.0,0.0,0.6475896093323071,0.0315642725135115,0.1803899366627846,0.05239436393135707,2.533051220425555,0.5060996132680845,-0.10356823067265192,0.03406501650622971,0.29676707438365335,0.04047112427238417,0.0,0.0,-0.0007565212836285484,0.004368949127676986,0.5440213786596553,0.012891980132839936
S0,owl_standard,500,nan,nan,25,nan,nan,0.33011964075855116,0.025118938041440074,0.6200814101984007,0.026439183419480684,0.6200814101984007,0.026439183419480684,0.6200814101984007,0.026439183419480684,0.5,0.0,0.0,0.0,nan,nan,0.156744,0.041035937806594196,nan,nan,nan,nan,0.3494287225296645,0.0270548814099364,0.0,0.0,0.00014324416943027442,0.003888929424197973,0.5654072201392587,0.010198288721319376
S0,owl_clipped,500,nan,nan,25,nan,nan,0.328454410667701,0.023513252493991152,0.6186063221376951,0.027573184211565273,0.6186063221376951,0.027573184211565273,0.6186063221376951,0.027573184211565273,0.5,0.0,0.0,0.0,nan,nan,0.155714,0.03892731346154437,nan,nan,nan,nan,0.34795959564771833,0.02585304947901605,0.0,0.0,0.0004416280726768651,0.006288035750901392,0.565108836236012,0.010185612923153937
S0,owl_robust_map,500,nan,nan,25,nan,nan,0.3258324495114121,0.021076191062956454,0.616255313306525,0.02359928749146632,0.616255313306525,0.02359928749146632,0.616255313306525,0.02359928749146632,0.5,0.0,0.0,0.0,nan,nan,0.156754,0.039288290558383926,nan,nan,nan,nan,0.3449488721317329,0.022870779998225305,0.0,0.0,0.0010962445241579654,0.005209436696455422,0.564454219784531,0.009669376892760618
S0,oracle_true_owl,500,nan,nan,25,nan,nan,0.32960183061703974,0.02507870861760143,0.6198783816776012,0.024908130515177533,0.6198783816776012,0.024908130515177533,0.6198783816776012,0.024908130515177533,0.5,0.0,0.0,0.0,nan,nan,0.15424,0.041375042799575046,nan,nan,nan,nan,0.3487107379031276,0.02679377023799201,0.0,0.0,0.0,0.0,0.5655504643086889,0.009924247897784583
S0,pac_nominal_gibbs,500,0.3,nan,25,nan,nan,0.3402795326783778,0.023760610065484564,0.6174388781690258,0.027480520529199543,0.6174388781690258,0.027480520529199543,0.6174388781690258,0.027480520529199543,0.5,0.0,0.0,0.0,nan,nan,0.15954432572059704,0.038381316980949945,1.6315766084553942,0.24567826404848078,nan,nan,0.3593462339807561,0.025002660880505206,0.0,0.0,0.0023288387137877374,0.005130691428818114,0.5632216255949012,0.00943475741252963
S0,pac_robust_gibbs,500,0.3,0.2,25,1.0,0.0,0.3402795326783778,0.023760610065484564,0.6174388781690258,0.027480520529199543,0.6174388781690258,0.027480520529199543,0.6174388781690258,0.027480520529199543,0.5,0.0,0.0,0.0,0.06399627437106867,0.022498865365399853,0.15954432572059704,0.038381316980949945,1.6315766084553942,0.24567826404848078,0.4992253512238326,0.02510025853367342,0.3593462339807561,0.025002660880505206,0.0,0.0,0.0023288387137877374,0.005130691428818114,0.5632216255949012,0.00943475741252963
S0,pac_robust_gibbs,500,0.3,0.1,25,1.0,0.0,0.3402795326783778,0.023760610065484564,0.6174388781690258,0.027480520529199543,0.6174388781690258,0.027480520529199543,0.6174388781690258,0.027480520529199543,0.5,0.0,0.0,0.0,0.07323823677853461,0.022498865365399856,0.15954432572059704,0.038381316980949945,1.6315766084553942,0.24567826404848078,0.48998338881636655,0.02510025853367342,0.3593462339807561,0.025002660880505206,0.0,0.0,0.0023288387137877374,0.005130691428818114,0.5632216255949012,0.00943475741252963
S0,pac_robust_gibbs,500,0.3,0.05,25,1.0,0.0,0.3402795326783778,0.023760610065484564,0.6174388781690258,0.027480520529199543,0.6174388781690258,0.027480520529199543,0.6174388781690258,0.027480520529199543,0.5,0.0,0.0,0.0,0.08248019918600054,0.02249886536539986,0.15954432572059704,0.038381316980949945,1.6315766084553942,0.24567826404848078,0.4807414264089007,0.02510025853367342,0.3593462339807561,0.025002660880505206,0.0,0.0,0.0023288387137877374,0.005130691428818114,0.5632216255949012,0.00943475741252963
S0,pac_nominal_gibbs,500,1.0,nan,25,nan,nan,0.3355094029993795,0.022392185268350837,0.6212124032790212,0.026721960362219098,0.6212124032790212,0.026721960362219098,0.6212124032790212,0.026721960362219098,0.5,0.0,0.0,0.0,nan,nan,0.15695265826338978,0.03923380366167829,2.074598749475909,0.26999272294758103,nan,nan,0.35530536149389014,0.024091058742163576,0.0,0.0,-0.00040899257976355406,0.004491109021351786,0.5659594568884525,0.00958259261967813
S0,pac_robust_gibbs,500,1.0,0.2,25,1.0,0.0,0.3355094029993795,0.022392185268350837,0.6212124032790212,0.026721960362219098,0.6212124032790212,0.026721960362219098,0.6212124032790212,0.026721960362219098,0.5,0.0,0.0,0.0,0.20948320025707134,0.025175775229910567,0.15695265826338978,0.03923380366167829,2.074598749475909,0.26999272294758103,0.3564762566313812,0.02633154441263625,0.35530536149389014,0.024091058742163576,0.0,0.0,-0.00040899257976355406,0.004491109021351786,0.5659594568884525,0.00958259261967813
S0,pac_robust_gibbs,500,1.0,0.1,25,1.0,0.0,0.3355094029993795,0.022392185268350837,0.6212124032790212,0.026721960362219098,0.6212124032790212,0.026721960362219098,0.6212124032790212,0.026721960362219098,0.5,0.0,0.0,0.0,0.21225578897931108,0.025175775229910567,0.15695265826338978,0.03923380366167829,2.074598749475909,0.26999272294758103,0.3537036679091415,0.02633154441263625,0.35530536149389014,0.024091058742163576,0.0,0.0,-0.00040899257976355406,0.004491109021351786,0.5659594568884525,0.00958259261967813
S0,pac_robust_gibbs,500,1.0,0.05,25,1.0,0.0,0.3355094029993795,0.022392185268350837,0.6212124032790212,0.026721960362219098,0.6212124032790212,0.026721960362219098,0.6212124032790212,0.026721960362219098,0.5,0.0,0.0,0.0,0.21502837770155087,0.02517577522991057,0.15695265826338978,0.03923380366167829,2.074598749475909,0.26999272294758103,0.35093107918690164,0.026331544412636257,0.35530536149389014,0.024091058742163576,0.0,0.0,-0.00040899257976355406,0.004491109021351786,0.5659594568884525,0.00958259261967813
S0,pac_nominal_gibbs,500,3.0,nan,25,nan,nan,0.3341420991097548,0.021710256456843595,0.6219275623986185,0.02659440261838831,0.6219275623986185,0.02659440261838831,0.6219275623986185,0.02659440261838831,0.5,0.0,0.0,0.0,nan,nan,0.15690389105792746,0.03877043657915476,2.3588653204768324,0.46185329225118643,nan,nan,0.35403602002810125,0.023525588500540005,0.0,0.0,-0.0008167107948155295,0.0045456946662999565,0.5663671751035045,0.009439577822050167
S0,pac_robust_gibbs,500,3.0,0.2,25,1.0,0.0,0.3341420991097548,0.021710256456843595,0.6219275623986185,0.02659440261838831,0.6219275623986185,0.02659440261838831,0.6219275623986185,0.02659440261838831,0.5,0.0,0.0,0.0,0.6997306836821007,0.02546423949709954,0.15690389105792746,0.03877043657915476,2.3588653204768324,0.46185329225118643,-0.13336350857859613,0.02652788116388475,0.35403602002810125,0.023525588500540005,0.0,0.0,-0.0008167107948155295,0.0045456946662999565,0.5663671751035045,0.009439577822050167
S0,pac_robust_gibbs,500,3.0,0.1,25,1.0,0.0,0.3341420991097548,0.021710256456843595,0.6219275623986185,0.02659440261838831,0.6219275623986185,0.02659440261838831,0.6219275623986185,0.02659440261838831,0.5,0.0,0.0,0.0,0.7006548799228473,0.025464239497099545,0.15690389105792746,0.03877043657915476,2.3588653204768324,0.46185329225118643,-0.13428770481934274,0.026527881163884756,0.35403602002810125,0.023525588500540005,0.0,0.0,-0.0008167107948155295,0.0045456946662999565,0.5663671751035045,0.009439577822050167
S0,pac_robust_gibbs,500,3.0,0.05,25,1.0,0.0,0.3341420991097548,0.021710256456843595,0.6219275623986185,0.02659440261838831,0.6219275623986185,0.02659440261838831,0.6219275623986185,0.02659440261838831,0.5,0.0,0.0,0.0,0.7015790761635937,0.02546423949709956,0.15690389105792746,0.03877043657915476,2.3588653204768324,0.46185329225118643,-0.13521190106008935,0.026527881163884773,0.35403602002810125,0.023525588500540005,0.0,0.0,-0.0008167107948155295,0.0045456946662999565,0.5663671751035045,0.009439577822050167
S2,owl_standard,200,nan,nan,25,nan,nan,0.2754260538692672,0.03269810309190252,0.82505250668824,0.0486809846631828,0.6475582441799719,0.04848949149275615,0.6487448001660002,0.04852788093592094,0.20000000000000004,2.832791573980247e-17,0.1774942625082681,0.025766925013091777,nan,nan,0.32720800000000005,0.053693145667456164,nan,nan,nan,nan,0.2917125094353747,0.03883548382062415,0.30973267501535756,0.04342572938161254,0.017644993567141297,0.007647937805852338,0.5150003934882396,0.015655638476676795
S2,owl_clipped,200,nan,nan,25,nan,nan,0.2764167441515079,0.03159744440100048,0.8307536000610029,0.05951364179779068,0.6528541852855002,0.05922705727956101,0.6540892727040643,0.05916479708982714,0.20000000000000004,2.832791573980247e-17,0.1778994147755024,0.024680266182989546,nan,nan,0.32613600000000004,0.05504809927084979,nan,nan,nan,nan,0.2927114041598938,0.0376685590453335,0.3095113401646584,0.04079309938753539,0.01728906347224265,0.006989453602910097,0.5153563235831382,0.015422384578467336
S2,owl_robust_map,200,nan,nan,25,nan,nan,0.2640068986277504,0.028182094156672416,0.8031371220534451,0.06682506795203424,0.6680778114299656,0.05950238616370674,0.6688036504476407,0.05963645070333354,0.20000000000000004,2.832791573980247e-17,0.1350593106234797,0.02387579984379494,nan,nan,0.212912,0.04884282035263729,nan,nan,nan,nan,0.2760667803468769,0.031341251418110866,0.24680075904179066,0.03853830269554933,-0.001050312998611096,0.005354904788929663,0.5336957000539919,0.014205742018438182
S2,oracle_true_owl,200,nan,nan,25,nan,nan,0.2637206365232274,0.030556137119862985,0.804331555606539,0.06295853629658985,0.6665315039839638,0.057156249239566616,0.6673228805959708,0.05716244503082909,0.20000000000000004,2.832791573980247e-17,0.13780005162257525,0.024341862679630732,nan,nan,0.216006,0.05405372774687545,nan,nan,nan,nan,0.27608676429057405,0.03363267778242543,0.25265283739429534,0.041201890513819985,0.0,0.0,0.5326453870553808,0.015398727637210959
S2,pac_nominal_gibbs,200,0.3,nan,25,nan,nan,0.33102143523541294,0.025785028159449733,0.7700130188756721,0.05367958594074756,0.6153445005200859,0.05197736445563311,0.6163465466426579,0.05197865095827377,0.20000000000000004,2.832791573980247e-17,0.15466851835558626,0.02019050076136953,nan,nan,0.28295231056809445,0.03640907368893357,0.40657834934047604,0.09598133415197314,nan,nan,0.3442023087513632,0.027898888071998754,0.2803295629304559,0.03397813095200988,0.017841551684016636,0.00731636633726292,0.5148038353713642,0.011645702471966394
S2,pac_robust_gibbs,200,0.3,0.2,25,1.0,0.0,0.33445612861295004,0.0243321201923195,0.7569744454993654,0.05414781139507457,0.6098287611180525,0.05242487454546099,0.6107579356148052,0.05242970818386305,0.20000000000000004,2.832791573980247e-17,0.14714568438131284,0.01846430374135369,0.25237313917203763,0.041042958858358264,0.26739447997850485,0.03289765538173837,0.29590861123124207,0.07565442789577341,0.2635498841459407,0.047719310794937665,0.3471328106977845,0.025666704444802735,0.27012523915889197,0.03102725778798602,0.01672236373740245,0.007497407341322608,0.5159230233179785,0.011044830312054449
S2,pac_robust_gibbs,200,0.3,0.1,25,1.0,0.0,0.33445612861295004,0.0243321201923195,0.7569744454993654,0.05414781139507457,0.6098287611180525,0.05242487454546099,0.6107579356148052,0.05242970818386305,0.20000000000000004,2.832791573980247e-17,0.14714568438131284,0.01846430374135369,0.31013540421869984,0.04104295885835826,0.26739447997850485,0.03289765538173837,0.29590861123124207,0.07565442789577341,0.20578761909927856,0.04771931079493765,0.3471328106977845,0.025666704444802735,0.27012523915889197,0.03102725778798602,0.01672236373740245,0.007497407341322608,0.5159230233179785,0.011044830312054449
S2,pac_robust_gibbs,200,0.3,0.05,25,1.0,0.0,0.33445612861295004,0.0243321201923195,0.7569744454993654,0.05414781139507457,0.6098287611180525,0.05242487454546099,0.6107579356148052,0.05242970818386305,0.20000000000000004,2.832791573980247e-17,0.14714568438131284,0.01846430374135369,0.3678976692653619,0.041042958858358264,0.26739447997850485,0.03289765538173837,0.29590861123124207,0.07565442789577341,0.1480253540526165,0.04771931079493766,0.3471328106977845,0.025666704444802735,0.27012523915889197,0.03102725778798602,0.01672236373740245,0.007497407341322608,0.5159230233179785,0.011044830312054449
S2,pac_nominal_gibbs,200,1.0,nan,25,nan,nan,0.29820484859750457,0.03233025606837262,0.823400964657557,0.05794052018870093,0.6537297476040501,0.057631485222714635,0.6548586905871422,0.057586811222202536,0.20000000000000004,2.832791573980247e-17,0.16967121705350682,0.024640935888824846,nan,nan,0.30418617814276566,0.052723799472605276,1.5675984465028137,0.2826866599218204,nan,nan,0.3139393709579975,0.036827546300911174,0.2967591997452482,0.041674578155718046,0.015314099439337448,0.007196457459477531,0.5173312876160433,0.015196116954017853
S2,pac_robust_gibbs,200,1.0,0.2,25,1.0,0.0,0.303970316961614,0.030528758269021856,0.8088646789166307,0.06041088360828308,0.6547992611330433,0.05749294579951704,0.6557627515329782,0.057511556413498824,0.20000000000000004,2.832791573980247e-17,0.1540654177835874,0.023192502939723126,0.5662268385645126,0.046756913937191905,0.2660736661202213,0.04793686495316948,1.3275541607660026,0.22597575762127076,-0.04362554069695919,0.05364994554992731,0.3186968945353039,0.033839095527527376,0.2746327583494759,0.03772694537875593,0.010044089187827478,0.006360946629328455,0.5226012978675533,0.014514907174675531
S2,pac_robust_gibbs,200,1.0,0.1,25,1.0,0.0,0.303970316961614,0.030528758269021856,0.8088646789166307,0.06041088360828308,0.6547992611330433,0.05749294579951704,0.6557627515329782,0.057511556413498824,0.20000000000000004,2.832791573980247e-17,0.1540654177835874,0.023192502939723126,0.5835555180785111,0.04675691393719186,0.2660736661202213,0.04793686495316948,1.3275541607660026,0.22597575762127076,-0.060954220210957824,0.05364994554992726,0.3186968945353039,0.033839095527527376,0.2746327583494759,0.03772694537875593,0.010044089187827478,0.006360946629328455,0.5226012978675533,0.014514907174675531
S2,pac_robust_gibbs,200,1.0,0.05,25,1.0,0.0,0.303970316961614,0.030528758269021856,0.8088646789166307,0.06041088360828308,0.6547992611330433,0.05749294579951704,0.6557627515329782,0.057511556413498824,0.20000000000000004,2.832791573980247e-17,0.1540654177835874,0.023192502939723126,0.6008841975925098,0.0467569139371919,0.2660736661202213,0.04793686495316948,1.3275541607660026,0.22597575762127076,-0.07828289972495645,0.05364994554992729,0.3186968945353039,0.033839095527527376,0.2746327583494759,0.03772694537875593,0.010044089187827478,0.006360946629328455,0.5226012978675533,0.014514907174675531
S2,pac_nominal_gibbs,200,3.0,nan,25,nan,nan,0.2860836496810337,0.039009488697374056,0.8344697040213258,0.056980236628788115,0.6608522108717788,0.057671108177585105,0.6620161164117846,0.057592419433237535,0.20000000000000004,2.832791573980247e-17,0.1736174931495471,0.0250844921883384,nan,nan,0.31076510806713065,0.05871227363279873,2.2357615049959394,0.33624495436599505,nan,nan,0.30230528108305876,0.04415113314535131,0.3015260028246071,0.04345268923991541,0.015304139417934227,0.008327329255890456,0.5173412476374466,0.016651759826528067
S2,pac_robust_gibbs,200,3.0,0.2,25,1.0,0.0,0.28052637358039656,0.032737644779947984,0.8243475151889476,0.05926516190421628,0.6724100525083394,0.055476389223554565,0.673317625183368,0.05551254569926416,0.20000000000000004,2.832791573980247e-17,0.15193746268060818,0.027568631364501925,1.7633087579685511,0.04859998879285413,0.2536916669188301,0.06299564793655849,2.442185988445844,0.38885450984301123,-1.2363534799989935,0.05528512688286901,0.29469176860171226,0.036374292403649845,0.26900076268260986,0.04399855034947375,0.0056901090858231425,0.009258683042917675,0.5269552779695577,0.017382561850806826
S2,pac_robust_gibbs,200,3.0,0.1,25,1.0,0.0,0.28052637358039656,0.032737644779947984,0.8243475151889476,0.05926516190421628,0.6724100525083394,0.055476389223554565,0.673317625183368,0.05551254569926416,0.20000000000000004,2.832791573980247e-17,0.15193746268060818,0.027568631364501925,1.7690849844732173,0.04859998879285415,0.2536916669188301,0.06299564793655849,2.442185988445844,0.38885450984301123,-1.2421297065036594,0.05528512688286904,0.29469176860171226,0.036374292403649845,0.26900076268260986,0.04399855034947375,0.0056901090858231425,0.009258683042917675,0.5269552779695577,0.017382561850806826
S2,pac_robust_gibbs,200,3.0,0.05,25,1.0,0.0,0.28052637358039656,0.032737644779947984,0.8243475151889476,0.05926516190421628,0.6724100525083394,0.055476389223554565,0.673317625183368,0.05551254569926416,0.20000000000000004,2.832791573980247e-17,0.15193746268060818,0.027568631364501925,1.7748612109778836,0.048599988792854085,0.2536916669188301,0.06299564793655849,2.442185988445844,0.38885450984301123,-1.2479059330083258,0.05528512688286899,0.29469176860171226,0.036374292403649845,0.26900076268260986,0.04399855034947375,0.0056901090858231425,0.009258683042917675,0.5269552779695577,0.017382561850806826
S2,owl_standard,500,nan,nan,25,nan,nan,0.34164802845213343,0.0399804514659658,0.7796747901453989,0.04064130204463086,0.5968783710429563,0.04419014301148784,0.5979460234686852,0.04429449100071699,0.20000000000000004,2.832791573980247e-17,0.18279641910244276,0.032344993768284466,nan,nan,0.360634,0.0726716398145338,nan,nan,nan,nan,0.35891408336821173,0.038564108254370746,0.3567457812466172,0.05039728591936381,0.030694419121297237,0.009300141333564197,0.5284750334026375,0.018972979762576527
S2,owl_clipped,500,nan,nan,25,nan,nan,0.3417871185540092,0.03680503890867414,0.7804242552962897,0.04335298353358159,0.5983637483889885,0.04513723380489023,0.5994419068941701,0.045251153704783276,0.20000000000000004,2.832791573980247e-17,0.18206050690730116,0.03229870225573065,nan,nan,0.35848399999999997,0.0737269790623939,nan,nan,nan,nan,0.3606539383239585,0.0342165650495024,0.3552846846332164,0.04907055379876561,0.03035578683224767,0.010861094794936159,0.5288136656916869,0.01903226548055387
S2,owl_robust_map,500,nan,nan,25,nan,nan,0.319172683617835,0.0399401114950114,0.7495834886252932,0.04331402813063741,0.6300816113679673,0.03996729559820745,0.6306859549911138,0.03995911989688024,0.20000000000000004,2.832791573980247e-17,0.11950187725732599,0.028505274410951777,nan,nan,0.18009,0.06311019298285606,nan,nan,nan,nan,0.3358013499100994,0.04194462944677139,0.2522133938713243,0.05008417559080079,0.00025498135511679897,0.006414688945644029,0.5589144711688178,0.016419988255693182
S2,oracle_true_owl,500,nan,nan,25,nan,nan,0.3192014164998071,0.041046004988127466,0.7473166651617498,0.04533994387416821,0.6281797434579297,0.041707235326373736,0.6287797391649295,0.04168592977977142,0.20000000000000004,2.832791573980247e-17,0.1191369217038202,0.03072005656171207,nan,nan,0.178568,0.06895088209491353,nan,nan,nan,nan,0.3366296559734748,0.044625583410186485,0.2514276452016448,0.055341120860334075,0.0,0.0,0.5591694525239346,0.01607185269419773
S2,pac_nominal_gibbs,500,0.3,nan,25,nan,nan,0.3712394107838587,0.0319608203500261,0.7576369297059421,0.042780369314555824,0.5934274355950859,0.04102702961460414,0.594386864072742,0.04115867740445,0.20000000000000004,2.832791573980247e-17,0.16420949411085597,0.02671737384506786,nan,nan,0.3135477587534801,0.05649865147000095,1.0030951576789542,0.24319001620920874,nan,nan,0.3862419417690836,0.029406852279229748,0.3235690665801577,0.04287914249817575,0.02931265157638736,0.006195747053522679,0.5298568009475473,0.014475948306778662
S2,pac_robust_gibbs,500,0.3,0.2,25,1.0,0.0,0.3681732160609353,0.026320997462905893,0.7362635358119368,0.04233389641936408,0.5959777072914103,0.04114385618539411,0.5967550857978321,0.04121399383498885,0.20000000000000004,2.832791573980247e-17,0.14028582852052662,0.02149864278396091,0.206433848290284,0.026231993765634995,0.25142738727045333,0.045672734245741684,0.7301123140638989,0.13849412152323382,0.330492699741477,0.037566395441213214,0.38166260528760776,0.025338684262574514,0.28436889210674127,0.036783647954250286,0.022242904492173712,0.005844862300711043,0.5369265480317609,0.013750564831194034
S2,pac_robust_gibbs,500,0.3,0.1,25,1.0,0.0,0.3681732160609353,0.026320997462905893,0.7362635358119368,0.04233389641936408,0.5959777072914103,0.04114385618539411,0.5967550857978321,0.04121399383498885,0.20000000000000004,2.832791573980247e-17,0.14028582852052662,0.02149864278396091,0.22953875430894882,0.026231993765634988,0.25142738727045333,0.045672734245741684,0.7301123140638989,0.13849412152323382,0.30738779372281205,0.0375663954412132,0.38166260528760776,0.025338684262574514,0.28436889210674127,0.036783647954250286,0.022242904492173712,0.005844862300711043,0.5369265480317609,0.013750564831194034
S2,pac_robust_gibbs,500,0.3,0.05,25,1.0,0.0,0.3681732160609353,0.026320997462905893,0.7362635358119368,0.04233389641936408,0.5959777072914103,0.04114385618539411,0.5967550857978321,0.04121399383498885,0.20000000000000004,2.832791573980247e-17,0.14028582852052662,0.02149864278396091,0.25264366032761365,0.026231993765634995,0.25142738727045333,0.045672734245741684,0.7301123140638989,0.13849412152323382,0.2842828877041472,0.03756639544121321,0.38166260528760776,0.025338684262574514,0.28436889210674127,0.036783647954250286,0.022242904492173712,0.005844862300711043,0.5369265480317609,0.013750564831194034
S2,pac_nominal_gibbs,500,1.0,nan,25,nan,nan,0.35632213745748886,0.03642843455364425,0.7810088892078073,0.0415959563413339,0.6032463564874316,0.04313033169647792,0.604282949345205,0.043241065606072535,0.20000000000000004,2.832791573980247e-17,0.1777625327203757,0.03004561971975451,nan,nan,0.343373146380732,0.06773712546646479,2.1057224154571013,0.31740780846036404,nan,nan,0.3739955964057698,0.03280182435315289,0.34770213973596253,0.0464058542482838,0.02762795409073122,0.008000437469986856,0.5315414984332034,0.01772249894782542
S2,pac_robust_gibbs,500,1.0,0.2,25,1.0,0.0,0.33448709205369154,0.03781340449439905,0.7570770827960257,0.04388870268949255,0.6265158440389662,0.04022605699807267,0.6272213090551706,0.04024435887509036,0.20000000000000004,2.832791573980247e-17,0.13056123875705955,0.026894580856564286,0.5902288921036374,0.027788620614458425,0.21133109167450123,0.062166139300415625,2.2791830085905427,0.40831161586410164,-0.037370365171280326,0.03973534927374716,0.3513846891467842,0.03845558730067172,0.27001526769756595,0.04677594629011084,0.006310925591577594,0.0074719220888581645,0.5528585269323569,0.016729533818126068
S2,pac_robust_gibbs,500,1.0,0.1,25,1.0,0.0,0.33448709205369154,0.03781340449439905,0.7570770827960257,0.04388870268949255,0.6265158440389662,0.04022605699807267,0.6272213090551706,0.04024435887509036,0.20000000000000004,2.832791573980247e-17,0.13056123875705955,0.026894580856564286,0.5971603639092368,0.027788620614458432,0.21133109167450123,0.062166139300415625,2.2791830085905427,0.40831161586410164,-0.04430183697687978,0.03973534927374717,0.3513846891467842,0.03845558730067172,0.27001526769756595,0.04677594629011084,0.006310925591577594,0.0074719220888581645,0.5528585269323569,0.016729533818126068
S2,pac_robust_gibbs,500,1.0,0.05,25,1.0,0.0,0.33448709205369154,0.03781340449439905,0.7570770827960257,0.04388870268949255,0.6265158440389662,0.04022605699807267,0.6272213090551706,0.04024435887509036,0.20000000000000004,2.832791573980247e-17,0.13056123875705955,0.026894580856564286,0.6040918357148363,0.027788620614458415,0.21133109167450123,0.062166139300415625,2.2791830085905427,0.40831161586410164,-0.05123330878247923,0.039735349273747146,0.3513846891467842,0.03845558730067172,0.27001526769756595,0.04677594629011084,0.006310925591577594,0.0074719220888581645,0.5528585269323569,0.016729533818126068
S2,pac_nominal_gibbs,500,3.0,nan,25,nan,nan,0.3517057165682047,0.03429691369788073,0.7833818580469075,0.04123212968432955,0.6029316410463688,0.04424474007040368,0.6039835364730312,0.04436285594053306,0.20000000000000004,2.832791573980247e-17,0.18045021700053876,0.03140715720957524,nan,nan,0.3496952162811057,0.0717308723215643,2.4919483147244255,0.4476716600731116,nan,nan,0.3699212917056098,0.03034432093866597,0.3520448524132844,0.04865215396619595,0.02843888836749279,0.009442058075241984,0.5307305641564418,0.018946099287936263
S2,pac_robust_gibbs,500,3.0,0.2,25,1.0,0.0,0.3238994367923359,0.04014868959347226,0.752483878607569,0.04400351196077413,0.6297128108428627,0.03998174968133407,0.6303448544390039,0.03998695501245135,0.20000000000000004,2.832791573980247e-17,0.12277106776470642,0.028079911940019648,1.8170050328624197,0.027509606482309636,0.1893108881881751,0.06300311464721352,2.7475197500680637,0.25628730769035063,-1.2598103813654777,0.03988620701906062,0.34065839311889046,0.04155955213749584,0.2574435051305631,0.04927617217179393,0.0019748010269928784,0.006325141274990432,0.5571946514969418,0.0163985823817763
S2,pac_robust_gibbs,500,3.0,0.1,25,1.0,0.0,0.3238994367923359,0.04014868959347226,0.752483878607569,0.04400351196077413,0.6297128108428627,0.03998174968133407,0.6303448544390039,0.03998695501245135,0.20000000000000004,2.832791573980247e-17,0.12277106776470642,0.028079911940019648,1.819315523464286,0.02750960648230969,0.1893108881881751,0.06300311464721352,2.7475197500680637,0.25628730769035063,-1.2621208719673442,0.03988620701906063,0.34065839311889046,0.04155955213749584,0.2574435051305631,0.04927617217179393,0.0019748010269928784,0.006325141274990432,0.5571946514969418,0.0163985823817763
S2,pac_robust_gibbs,500,3.0,0.05,25,1.0,0.0,0.3238994367923359,0.04014868959347226,0.752483878607569,0.04400351196077413,0.6297128108428627,0.03998174968133407,0.6303448544390039,0.03998695501245135,0.20000000000000004,2.832791573980247e-17,0.12277106776470642,0.028079911940019648,1.8216260140661529,0.027509606482309646,0.1893108881881751,0.06300311464721352,2.7475197500680637,0.25628730769035063,-1.264431362569211,0.039886207019060635,0.34065839311889046,0.04155955213749584,0.2574435051305631,0.04927617217179393,0.0019748010269928784,0.006325141274990432,0.5571946514969418,0.0163985823817763
S5,owl_standard,200,nan,nan,25,nan,nan,0.25994838244690643,0.04429156194917632,0.8418933911769189,0.08479875025572706,0.65205482146896,0.08561170555703865,0.6532258838656075,0.08536012685822014,0.05000000000000001,7.081978934950617e-18,0.18983856970795876,0.026477848435504582,nan,nan,0.362558,0.06465499091330847,nan,nan,nan,nan,0.2743524330439241,0.05250740752476112,0.3282833736137919,0.03772188759345009,0.015400005206442817,0.01085155033395339,0.4997389170265599,0.019517166640478575
S5,owl_clipped,200,nan,nan,25,nan,nan,0.25628070848858436,0.04378421685379931,0.8479852772867988,0.08720877023094627,0.6561438403666814,0.08717798788733454,0.6573139667184705,0.08690029142667913,0.05000000000000001,7.081978934950617e-18,0.19184143692011746,0.023990227452004426,nan,nan,0.36577400000000004,0.05216638668721459,nan,nan,nan,nan,0.2715141988475811,0.053224826611955336,0.32511277899596835,0.034866384935219326,0.017546852584227734,0.009391828954439546,0.49759206964877495,0.019631756116550297
S5,owl_robust_map,200,nan,nan,25,nan,nan,0.2420447003636358,0.0417013282507325,0.8059753669534843,0.07397788265751559,0.6547314870195539,0.07024148704233778,0.6555476811127516,0.0701014471654875,0.05000000000000001,7.081978934950617e-18,0.1512438799339305,0.03348471089360576,nan,nan,0.25290999999999997,0.07021843448601418,nan,nan,nan,nan,0.253501978201748,0.047092810508147606,0.2752894010755486,0.04880192765501932,0.0013878540585245069,0.00781614440934075,0.5137510681744782,0.023944318442879017
S5,oracle_true_owl,200,nan,nan,25,nan,nan,0.24626416727395253,0.04027639892294018,0.811059393855292,0.09160464293278438,0.6574639799733556,0.08551730193118294,0.6582690730601313,0.0853072201399291,0.05000000000000001,7.081978934950617e-18,0.15359541388193623,0.030441140288744048,nan,nan,0.257622,0.05923373560171039,nan,nan,nan,nan,0.2578358666148583,0.04589592694670491,0.28180651058042394,0.05064214061256314,0.0,0.0,0.5151389222330027,0.02142057945923123
S5,pac_nominal_gibbs,200,0.3,nan,25,nan,nan,0.3339579920919104,0.027476546638536554,0.7303948122081476,0.0661339787589472,0.5781548497793436,0.06333304787202454,0.5790430062414385,0.06318611487002722,0.05000000000000001,7.081978934950617e-18,0.15223996242880403,0.020203979119618777,nan,nan,0.2945097816126269,0.03466693148535806,0.07489964264430889,0.014963807356755555,nan,nan,0.34541119364916517,0.02807384165372642,0.28333966824130363,0.03035910801560509,0.013202636457086123,0.01149685937468743,0.5019362857759166,0.01147199253832609
S5,pac_robust_gibbs,200,0.3,0.2,25,1.0,0.0,0.33545037661370825,0.02650512365637448,0.7222282662467433,0.06584625743147098,0.5729484412399831,0.06339758805103954,0.5738139018067503,0.06325292100510595,0.05000000000000001,7.081978934950617e-18,0.1492798250067602,0.019766192322630938,1.2341702951963291,0.05099507963788015,0.2911255886969488,0.03459433199378552,0.054926657891047934,0.012421294988486199,-0.7318397488683996,0.06008922159507448,0.3467601183758637,0.02685893993751767,0.28059304936418433,0.03012583657351377,0.012808375905073022,0.011639947493666118,0.5023305463279297,0.011272043624017968
S5,pac_robust_gibbs,200,0.3,0.1,25,1.0,0.0,0.33545037661370825,0.02650512365637448,0.7222282662467433,0.06584625743147098,0.5729484412399831,0.06339758805103954,0.5738139018067503,0.06325292100510595,0.05000000000000001,7.081978934950617e-18,0.1492798250067602,0.019766192322630938,1.4652193553829775,0.05099507963788021,0.2911255886969488,0.03459433199378552,0.054926657891047934,0.012421294988486199,-0.9628888090550481,0.060089221595074536,0.3467601183758637,0.02685893993751767,0.28059304936418433,0.03012583657351377,0.012808375905073022,0.011639947493666118,0.5023305463279297,0.011272043624017968
S5,pac_robust_gibbs,200,0.3,0.05,25,1.0,0.0,0.33545037661370825,0.02650512365637448,0.7222282662467433,0.06584625743147098,0.5729484412399831,0.06339758805103954,0.5738139018067503,0.06325292100510595,0.05000000000000001,7.081978934950617e-18,0.1492798250067602,0.019766192322630938,1.696268415569626,0.05099507963788016,0.2911255886969488,0.03459433199378552,0.054926657891047934,0.012421294988486199,-1.1939378692416964,0.060089221595074516,0.3467601183758637,0.02685893993751767,0.28059304936418433,0.03012583657351377,0.012808375905073022,0.011639947493666118,0.5023305463279297,0.011272043624017968
S5,pac_nominal_gibbs,200,1.0,nan,25,nan,nan,0.32045788482334076,0.03338246666249585,0.7777548364773053,0.074509697499493,0.613809595406191,0.07124901770635668,0.6147696106803812,0.071081425110498,0.05000000000000001,7.081978934950617e-18,0.1639452410711142,0.02219248020233473,nan,nan,0.3074707853587027,0.03985636021159172,0.3643729829652462,0.10899309880848594,nan,nan,0.33289577018006133,0.0357170099759092,0.29489343840283755,0.032611093188612945,0.012961374855818346,0.00969239921358578,0.5021775473771843,0.013906216070540826
S5,pac_robust_gibbs,200,1.0,0.2,25,1.0,0.0,0.3243041375038901,0.031255069086657324,0.7631473410274979,0.07307858103793873,0.606271888127273,0.07026557901913937,0.6071721280536906,0.07009915431789729,0.05000000000000001,7.081978934950617e-18,0.1568754529002249,0.021851259293331215,2.583669518829901,0.05401248175145336,0.2928011867199985,0.039365872721590256,0.2542053980650506,0.07749926276427391,-2.080092442922642,0.06488388692393951,0.33641085859390324,0.03288835393873215,0.28657632625778334,0.032479750217820604,0.011561846325743719,0.009901051554482593,0.503577075907259,0.013404407119895404
S5,pac_robust_gibbs,200,1.0,0.1,25,1.0,0.0,0.3243041375038901,0.031255069086657324,0.7631473410274979,0.07307858103793873,0.606271888127273,0.07026557901913937,0.6071721280536906,0.07009915431789729,0.05000000000000001,7.081978934950617e-18,0.1568754529002249,0.021851259293331215,2.6529842368858954,0.05401248175145327,0.2928011867199985,0.039365872721590256,0.2542053980650506,0.07749926276427391,-2.1494071609786367,0.06488388692393941,0.33641085859390324,0.03288835393873215,0.28657632625778334,0.032479750217820604,0.011561846325743719,0.009901051554482593,0.503577075907259,0.013404407119895404
S5,pac_robust_gibbs,200,1.0,0.05,25,1.0,0.0,0.3243041375038901,0.031255069086657324,0.7631473410274979,0.07307858103793873,0.606271888127273,0.07026557901913937,0.6071721280536906,0.07009915431789729,0.05000000000000001,7.081978934950617e-18,0.1568754529002249,0.021851259293331215,2.7222989549418894,0.054012481751453345,0.2928011867199985,0.039365872721590256,0.2542053980650506,0.07749926276427391,-2.218721879034631,0.06488388692393948,0.33641085859390324,0.03288835393873215,0.28657632625778334,0.032479750217820604,0.011561846325743719,0.009901051554482593,0.503577075907259,0.013404407119895404
S5,pac_nominal_gibbs,200,3.0,nan,25,nan,nan,0.2875658962586569,0.04233487060480304,0.8381488678956381,0.08220162233804715,0.65687781243281,0.07961241124687148,0.6579577757444075,0.07940845650228462,0.05000000000000001,7.081978934950617e-18,0.18127105546282796,0.022976495926189156,nan,nan,0.335924416906295,0.04877242638836046,1.4423663732757632,0.3477118467046205,nan,nan,0.30135963320694364,0.04695903981246695,0.31206880020537814,0.034091249505121365,0.014217042127606806,0.008556003713998117,0.5009218801053961,0.017356643056203765
S5,pac_robust_gibbs,200,3.0,0.2,25,1.0,0.0,0.29684638748455416,0.03892357563169145,0.8183755863600533,0.08351681903701567,0.6500184310640376,0.07888834567189393,0.6509782604559536,0.07870623449042966,0.05000000000000001,7.081978934950617e-18,0.16835715529601575,0.024977290778674877,7.443774705751232,0.058313561682191255,0.30463526479792574,0.05036449168021093,1.0598125228478161,0.3282722057733242,-6.93895658344536,0.07181371002917065,0.31020860632743097,0.04269366366307524,0.29732961295720817,0.037294163201196814,0.010320799927130142,0.007989841460423213,0.5048181223058725,0.016954940551485376
S5,pac_robust_gibbs,200,3.0,0.1,25,1.0,0.0,0.29684638748455416,0.03892357563169145,0.8183755863600533,0.08351681903701567,0.6500184310640376,0.07888834567189393,0.6509782604559536,0.07870623449042966,0.05000000000000001,7.081978934950617e-18,0.16835715529601575,0.024977290778674877,7.466879611769897,0.05831356168219128,0.30463526479792574,0.05036449168021093,1.0598125228478161,0.3282722057733242,-6.962061489464024,0.07181371002917063,0.31020860632743097,0.04269366366307524,0.29732961295720817,0.037294163201196814,0.010320799927130142,0.007989841460423213,0.5048181223058725,0.016954940551485376
S5,pac_robust_gibbs,200,3.0,0.05,25,1.0,0.0,0.29684638748455416,0.03892357563169145,0.8183755863600533,0.08351681903701567,0.6500184310640376,0.07888834567189393,0.6509782604559536,0.07870623449042966,0.05000000000000001,7.081978934950617e-18,0.16835715529601575,0.024977290778674877,7.489984517788562,0.058313561682191414,0.30463526479792574,0.05036449168021093,1.0598125228478161,0.3282722057733242,-6.985166395482688,0.07181371002917075,0.31020860632743097,0.04269366366307524,0.29732961295720817,0.037294163201196814,0.010320799927130142,0.007989841460423213,0.5048181223058725,0.016954940551485376
S5,owl_standard,500,nan,nan,25,nan,nan,0.30267463766360236,0.04509600074384728,0.7957399436812183,0.07285164573370886,0.6153250905881221,0.07282089278649262,0.616609805017913,0.07248360189177284,0.05000000000000001,7.081978934950617e-18,0.18041485309309618,0.03208596187362714,nan,nan,0.35973,0.07918759240983822,nan,nan,nan,nan,0.3225378910299089,0.0478898125755413,0.3508860385003773,0.056102521843735514,0.019251805167546387,0.007580500477913613,0.5146873559157344,0.01715328292642381
S5,owl_clipped,500,nan,nan,25,nan,nan,0.305431117458393,0.049900533104299455,0.7936567193093902,0.07271633866554393,0.6042725570835035,0.07369681756799452,0.605623468268098,0.07352056390238361,0.05000000000000001,7.081978934950617e-18,0.18938416222588653,0.03125216708502767,nan,nan,0.386808,0.07512971515984869,nan,nan,nan,nan,0.32428528629614634,0.05316670193042826,0.36104571770068744,0.05795895305919527,0.025064567166352497,0.01045799912370442,0.5088745939169282,0.015523132984522242
S5,owl_robust_map,500,nan,nan,25,nan,nan,0.27277987478355614,0.046401497619232554,0.7571790932399484,0.07217404691596649,0.6298169197334853,0.0574922699742378,0.6305362666639991,0.05731532573158601,0.05000000000000001,7.081978934950617e-18,0.127362173506463,0.03840929629765421,nan,nan,0.209826,0.08350223190629896,nan,nan,nan,nan,0.2864531554033956,0.051240890065484115,0.26774442067693693,0.06983193541783078,-0.0007116810852534661,0.004638603633808169,0.5346508421685343,0.019262647090319822
S5,oracle_true_owl,500,nan,nan,25,nan,nan,0.2740615029049518,0.04700285016601861,0.7626483783292545,0.07002236707570315,0.6328840242084799,0.055553880192105165,0.6336321954981885,0.05539969777482646,0.05000000000000001,7.081978934950617e-18,0.12976435412077453,0.03781614148799678,nan,nan,0.21748599999999998,0.08121024478680836,nan,nan,nan,nan,0.287861588698175,0.05148149038398053,0.2715510338739875,0.06797745291568735,0.0,0.0,0.5339391610832809,0.018336136559855033
S5,pac_nominal_gibbs,500,0.3,nan,25,nan,nan,0.35633443249283686,0.030846036849805736,0.7184765958318049,0.0616785207220179,0.5689474311709671,0.055350012277454834,0.5699493174814558,0.05519422880325718,0.05000000000000001,7.081978934950617e-18,0.1495291646608376,0.0223587962791337,nan,nan,0.2955340050717375,0.04270762253797497,0.17409710236234985,0.0431082233762345,nan,nan,0.3680985296634727,0.030670633159764378,0.2962536955329052,0.043962287726612315,0.023230741234403506,0.010464535056452316,0.5107084198488774,0.01051414991764527
S5,pac_robust_gibbs,500,0.3,0.2,25,1.0,0.0,0.35545480537134294,0.02936118255590483,0.7094213064616588,0.06077434180051911,0.5659386774532024,0.05469968533302759,0.566881859195046,0.054545932575264744,0.05000000000000001,7.081978934950617e-18,0.14348262900845635,0.021305772171068153,0.9276548435294104,0.042570657264242494,0.2813520586957096,0.04000237024238032,0.12884974627642323,0.03224888482725705,-0.41583301037486725,0.05104751489130351,0.36652561143686335,0.029005093196844498,0.2869455731366458,0.042523256325061924,0.02211732792873772,0.010367816135142862,0.511821833154543,0.010332668336987996
S5,pac_robust_gibbs,500,0.3,0.1,25,1.0,0.0,0.35545480537134294,0.02936118255590483,0.7094213064616588,0.06077434180051911,0.5659386774532024,0.05469968533302759,0.566881859195046,0.054545932575264744,0.05000000000000001,7.081978934950617e-18,0.14348262900845635,0.021305772171068153,1.0200744676040698,0.0425706572642425,0.2813520586957096,0.04000237024238032,0.12884974627642323,0.03224888482725705,-0.5082526344495267,0.05104751489130349,0.36652561143686335,0.029005093196844498,0.2869455731366458,0.042523256325061924,0.02211732792873772,0.010367816135142862,0.511821833154543,0.010332668336987996
S5,pac_robust_gibbs,500,0.3,0.05,25,1.0,0.0,0.35545480537134294,0.02936118255590483,0.7094213064616588,0.06077434180051911,0.5659386774532024,0.05469968533302759,0.566881859195046,0.054545932575264744,0.05000000000000001,7.081978934950617e-18,0.14348262900845635,0.021305772171068153,1.1124940916787291,0.04257065726424252,0.2813520586957096,0.04000237024238032,0.12884974627642323,0.03224888482725705,-0.600672258524186,0.05104751489130353,0.36652561143686335,0.029005093196844498,0.2869455731366458,0.042523256325061924,0.02211732792873772,0.010367816135142862,0.511821833154543,0.010332668336987996
S5,pac_nominal_gibbs,500,1.0,nan,25,nan,nan,0.3395548858879238,0.03974699696909637,0.7700859480464629,0.07308959517339064,0.6030576664304538,0.06628071344292409,0.6042113013421895,0.06607875392994011,0.05000000000000001,7.081978934950617e-18,0.16702828161600916,0.028088038308216174,nan,nan,0.32814978363670044,0.05983614888232362,0.9593847020617899,0.27841207398207807,nan,nan,0.3556267065169773,0.04102362741460997,0.3261796816503839,0.053988229215968034,0.02061384275254564,0.008856175345668273,0.5133253183307351,0.01392760262954353
S5,pac_robust_gibbs,500,1.0,0.2,25,1.0,0.0,0.3403579533603524,0.037812668918122024,0.7479076941258023,0.07148549627279784,0.599233636182905,0.06316036922456665,0.6002027407952395,0.06297596589923564,0.05000000000000001,7.081978934950617e-18,0.1486740579428972,0.025896106554385775,2.508500947089088,0.04686866308923005,0.2814080037580384,0.05134134316210702,0.6436258684066953,0.19345111696779554,-1.9908889150507267,0.05706919338224476,0.3538364599002782,0.03821575899458101,0.29792964086201684,0.051511097682381636,0.016327129044919144,0.00782935011151748,0.5176120320383616,0.013645151372746552
S5,pac_robust_gibbs,500,1.0,0.1,25,1.0,0.0,0.3403579533603524,0.037812668918122024,0.7479076941258023,0.07148549627279784,0.599233636182905,0.06316036922456665,0.6002027407952395,0.06297596589923564,0.05000000000000001,7.081978934950617e-18,0.1486740579428972,0.025896106554385775,2.536226834311486,0.04686866308922997,0.2814080037580384,0.05134134316210702,0.6436258684066953,0.19345111696779554,-2.0186148022731243,0.05706919338224467,0.3538364599002782,0.03821575899458101,0.29792964086201684,0.051511097682381636,0.016327129044919144,0.00782935011151748,0.5176120320383616,0.013645151372746552
S5,pac_robust_gibbs,500,1.0,0.05,25,1.0,0.0,0.3403579533603524,0.037812668918122024,0.7479076941258023,0.07148549627279784,0.599233636182905,0.06316036922456665,0.6002027407952395,0.06297596589923564,0.05000000000000001,7.081978934950617e-18,0.1486740579428972,0.025896106554385775,2.563952721533884,0.04686866308923004,0.2814080037580384,0.05134134316210702,0.6436258684066953,0.19345111696779554,-2.046340689495522,0.05706919338224476,0.3538364599002782,0.03821575899458101,0.29792964086201684,0.051511097682381636,0.016327129044919144,0.00782935011151748,0.5176120320383616,0.013645151372746552
S5,pac_nominal_gibbs,500,3.0,nan,25,nan,nan,0.31655478309908663,0.04507223776056399,0.799603514275435,0.07101958710253152,0.6197791076071628,0.0689952957398456,0.6210660476766128,0.0686921654815188,0.05000000000000001,7.081978934950617e-18,0.17982440666827215,0.03134146454982854,nan,nan,0.35496745521828943,0.07512768086697852,2.1238753937715593,0.30226262518267033,nan,nan,0.3364054505961296,0.047710610606194595,0.3467093493417284,0.05909036846606906,0.020077844067912153,0.009313528612914223,0.5138613170153686,0.015789207348482735
S5,pac_robust_gibbs,500,3.0,0.2,25,1.0,0.0,0.3054101190527799,0.0493139432879022,0.7807479532525611,0.0761222884605445,0.6298681226551075,0.06137815957050277,0.6308425695631414,0.06120043800267446,0.05000000000000001,7.081978934950617e-18,0.15087983059745355,0.03394795400844921,7.441520390262693,0.05205626658247939,0.27283677109697935,0.07241885572011554,1.9304000018056362,0.3740695334149154,-6.917329716201421,0.06071248993094433,0.31997078390568245,0.05185544631392497,0.30267806173897266,0.06537309094104202,0.00974848702200992,0.007689042871606593,0.524190674061271,0.015982504900953536
S5,pac_robust_gibbs,500,3.0,0.1,25,1.0,0.0,0.3054101190527799,0.0493139432879022,0.7807479532525611,0.0761222884605445,0.6298681226551075,0.06137815957050277,0.6308425695631414,0.06120043800267446,0.05000000000000001,7.081978934950617e-18,0.15087983059745355,0.03394795400844921,7.450762352670159,0.05205626658247943,0.27283677109697935,0.07241885572011554,1.9304000018056362,0.3740695334149154,-6.926571678608889,0.06071248993094439,0.31997078390568245,0.05185544631392497,0.30267806173897266,0.06537309094104202,0.00974848702200992,0.007689042871606593,0.524190674061271,0.015982504900953536
S5,pac_robust_gibbs,500,3.0,0.05,25,1.0,0.0,0.3054101190527799,0.0493139432879022,0.7807479532525611,0.0761222884605445,0.6298681226551075,0.06137815957050277,0.6308425695631414,0.06120043800267446,0.05000000000000001,7.081978934950617e-18,0.15087983059745355,0.03394795400844921,7.460004315077625,0.05205626658247936,0.27283677109697935,0.07241885572011554,1.9304000018056362,0.3740695334149154,-6.935813641016353,0.06071248993094436,0.31997078390568245,0.05185544631392497,0.30267806173897266,0.06537309094104202,0.00974848702200992,0.007689042871606593,0.524190674061271,0.015982504900953536
S6_under,owl_standard,200,nan,nan,25,nan,nan,0.2836581817716855,0.043578534715983046,0.8216117839722594,0.04904388240216592,0.7160758839990943,0.04753270190599603,0.6468204590688131,0.05005769532022999,0.20000000000000004,2.832791573980247e-17,0.10553589997316504,0.01708778990404734,nan,nan,0.32325200000000004,0.059825840083250544,nan,nan,nan,nan,0.29937601028252353,0.04847112177994938,0.18364450101039945,0.030571664834194164,0.018548581683607054,0.007912302318926302,0.5179895940436082,0.015356308779027378
S6_under,owl_clipped,200,nan,nan,25,nan,nan,0.289451563073319,0.042528617355862164,0.8157797720233407,0.056928989827892545,0.7102474028977336,0.05244352612050773,0.6410136652729651,0.05298900118610662,0.20000000000000004,2.832791573980247e-17,0.10553236912560701,0.01775411049450314,nan,nan,0.325696,0.057374326285078645,nan,nan,nan,nan,0.3060807179715268,0.04784780245969878,0.18610251848285897,0.03171269805312512,0.017360137230270033,0.008144176977945118,0.5191780384969453,0.015154939837912086
S6_under,owl_robust_map,200,nan,nan,25,nan,nan,0.2770112377787731,0.037430053350580306,0.7996177532231806,0.056173610056065894,0.7082582615469293,0.049571402605218744,0.6482115752877712,0.04820324959607567,0.20000000000000004,2.832791573980247e-17,0.0913594916762512,0.016644094453519075,nan,nan,0.254888,0.05356388179859011,nan,nan,nan,nan,0.292443937117228,0.04379085197117594,0.16430103365600585,0.028706258391997076,0.006335015848587284,0.007837493023877712,0.530203159878628,0.013974901557062122
S6_under,oracle_true_owl,200,nan,nan,25,nan,nan,0.2690556766716387,0.03830867538373638,0.7836962887576671,0.056715287611677954,0.7036127523852903,0.049262018531843144,0.6508802091436944,0.04760111109366211,0.20000000000000004,2.832791573980247e-17,0.08008353637237672,0.017485347441991837,nan,nan,0.206728,0.04647915321230943,nan,nan,nan,nan,0.28268980999840937,0.04356327232992888,0.14683916434432892,0.03041190076980308,0.0,0.0,0.5365381757272153,0.015066312310946002
S6_under,pac_nominal_gibbs,200,0.3,nan,25,nan,nan,0.33878901903459296,0.030067796659123458,0.7606608894859208,0.048158538417049375,0.6667773955740915,0.044633535489470376,0.6051236012820261,0.044720366608742776,0.20000000000000004,2.832791573980247e-17,0.09388349391182921,0.013374224969023263,nan,nan,0.28907132364938515,0.03849674832638786,0.3999740568999978,0.09694023995411996,nan,nan,0.3520417332571199,0.031222664812391495,0.17006532173265954,0.024288514858522556,0.021181215678632116,0.008015428029742934,0.5153569600485832,0.010110439946041484
S6_under,pac_robust_gibbs,200,0.3,0.2,25,1.0,0.0,0.3404511962145289,0.02916733873100666,0.7529137950633696,0.04744823311763032,0.6612975612193924,0.044468154177346716,0.6011233954031308,0.044691679514911514,0.20000000000000004,2.832791573980247e-17,0.09161623384397721,0.012597435345211459,0.20263568399292248,0.034100123366694594,0.2817512519076577,0.035599910159418574,0.3208399871864572,0.07936268547143548,0.312941069584346,0.03974066394133852,0.35333237993800315,0.030163814667789293,0.1670998508406654,0.023301981323357392,0.020961422149946837,0.008155110353382799,0.5155767535772684,0.009752152394276105
S6_under,pac_robust_gibbs,200,0.3,0.1,25,1.0,0.0,0.3404511962145289,0.02916733873100666,0.7529137950633696,0.04744823311763032,0.6612975612193924,0.044468154177346716,0.6011233954031308,0.044691679514911514,0.20000000000000004,2.832791573980247e-17,0.09161623384397721,0.012597435345211459,0.2603979490395846,0.034100123366694615,0.2817512519076577,0.035599910159418574,0.3208399871864572,0.07936268547143548,0.2551788045376839,0.039740663941338544,0.35333237993800315,0.030163814667789293,0.1670998508406654,0.023301981323357392,0.020961422149946837,0.008155110353382799,0.5155767535772684,0.009752152394276105
S6_under,pac_robust_gibbs,200,0.3,0.05,25,1.0,0.0,0.3404511962145289,0.02916733873100666,0.7529137950633696,0.04744823311763032,0.6612975612193924,0.044468154177346716,0.6011233954031308,0.044691679514911514,0.20000000000000004,2.832791573980247e-17,0.09161623384397721,0.012597435345211459,0.3181602140862467,0.03410012336669461,0.2817512519076577,0.035599910159418574,0.3208399871864572,0.07936268547143548,0.19741653949102184,0.03974066394133854,0.35333237993800315,0.030163814667789293,0.1670998508406654,0.023301981323357392,0.020961422149946837,0.008155110353382799,0.5155767535772684,0.009752152394276105
S6_under,pac_nominal_gibbs,200,1.0,nan,25,nan,nan,0.3096134308153825,0.03982246880076494,0.8170727642779013,0.05292434585141549,0.7142440648856251,0.04936632200402032,0.6467218402197676,0.0502524707850582,0.20000000000000004,2.832791573980247e-17,0.10282869939227604,0.016575928483604743,nan,nan,0.3085168994626336,0.054451045002525164,1.6379537951809728,0.31757421027992655,nan,nan,0.325567900879499,0.04298064581177601,0.1798069104421462,0.029953681245861303,0.01672968961186381,0.0073532116212706965,0.5198084861153515,0.013063893436234606
S6_under,pac_robust_gibbs,200,1.0,0.2,25,1.0,0.0,0.31326148561396183,0.03972017381959563,0.8101229765725823,0.05376357453095772,0.710312798570791,0.05009028437904359,0.6447432995149925,0.05059727356539123,0.20000000000000004,2.832791573980247e-17,0.09981017800179143,0.015878587967209794,0.5114402607490175,0.039816266147197986,0.2967071075046738,0.05111350245609891,1.4254605646468805,0.2955176782191517,0.009440336643766409,0.045924499563692954,0.3286413933433196,0.042535427556655125,0.17563771437663703,0.02872334346116327,0.01565757833443135,0.007272231606060119,0.5208805973927839,0.012445764002215575
S6_under,pac_robust_gibbs,200,1.0,0.1,25,1.0,0.0,0.31326148561396183,0.03972017381959563,0.8101229765725823,0.05376357453095772,0.710312798570791,0.05009028437904359,0.6447432995149925,0.05059727356539123,0.20000000000000004,2.832791573980247e-17,0.09981017800179143,0.015878587967209794,0.5287689402630162,0.039816266147197986,0.2967071075046738,0.05111350245609891,1.4254605646468805,0.2955176782191517,-0.007888342870232217,0.045924499563692954,0.3286413933433196,0.042535427556655125,0.17563771437663703,0.02872334346116327,0.01565757833443135,0.007272231606060119,0.5208805973927839,0.012445764002215575
S6_under,pac_robust_gibbs,200,1.0,0.05,25,1.0,0.0,0.31326148561396183,0.03972017381959563,0.8101229765725823,0.05376357453095772,0.710312798570791,0.05009028437904359,0.6447432995149925,0.05059727356539123,0.20000000000000004,2.832791573980247e-17,0.09981017800179143,0.015878587967209794,0.5460976197770148,0.03981626614719799,0.2967071075046738,0.05111350245609891,1.4254605646468805,0.2955176782191517,-0.02521702238423083,0.045924499563692954,0.3286413933433196,0.042535427556655125,0.17563771437663703,0.02872334346116327,0.01565757833443135,0.007272231606060119,0.5208805973927839,0.012445764002215575
S6_under,pac_nominal_gibbs,200,3.0,nan,25,nan,nan,0.29527484624313494,0.042209975593700946,0.8316030276419069,0.04931322368816776,0.7257942991324973,0.04740755198603774,0.6563382086941135,0.049575903090645114,0.20000000000000004,2.832791573980247e-17,0.10580872850940948,0.016732216997426302,nan,nan,0.3169102464156533,0.058701020920925204,2.5526670601426686,0.5267829451075801,nan,nan,0.3119250983812206,0.04657085287818366,0.18351436963548307,0.030933977133486654,0.01612445242592714,0.008066701804655704,0.5204137233012882,0.014218360398137222
S6_under,pac_robust_gibbs,200,3.0,0.2,25,1.0,0.0,0.2980056743277574,0.042972627370579844,0.828633419742196,0.05056273476800334,0.7254114143039193,0.048027610807849355,0.6575784276457393,0.049856772477095176,0.20000000000000004,2.832791573980247e-17,0.10322200543827663,0.017095263690539684,1.7049165568124054,0.04186808900250912,0.3047812387199868,0.06129944192433397,2.3756845850803727,0.4140694312266795,-1.1827979398420347,0.04768503635727867,0.31438412751178935,0.04723904716350338,0.17970532301304476,0.03163541775435674,0.014419558756844924,0.00825064797399287,0.5221186169703703,0.01342212759883423
S6_under,pac_robust_gibbs,200,3.0,0.1,25,1.0,0.0,0.2980056743277574,0.042972627370579844,0.828633419742196,0.05056273476800334,0.7254114143039193,0.048027610807849355,0.6575784276457393,0.049856772477095176,0.20000000000000004,2.832791573980247e-17,0.10322200543827663,0.017095263690539684,1.7106927833170713,0.041868089002509046,0.3047812387199868,0.06129944192433397,2.3756845850803727,0.4140694312266795,-1.1885741663467007,0.047685036357278617,0.31438412751178935,0.04723904716350338,0.17970532301304476,0.03163541775435674,0.014419558756844924,0.00825064797399287,0.5221186169703703,0.01342212759883423
S6_under,pac_robust_gibbs,200,3.0,0.05,25,1.0,0.0,0.2980056743277574,0.042972627370579844,0.828633419742196,0.05056273476800334,0.7254114143039193,0.048027610807849355,0.6575784276457393,0.049856772477095176,0.20000000000000004,2.832791573980247e-17,0.10322200543827663,0.017095263690539684,1.7164690098217374,0.04186808900250909,0.3047812387199868,0.06129944192433397,2.3756845850803727,0.4140694312266795,-1.194350392851367,0.04768503635727864,0.31438412751178935,0.04723904716350338,0.17970532301304476,0.03163541775435674,0.014419558756844924,0.00825064797399287,0.5221186169703703,0.01342212759883423
S6_under,owl_standard,500,nan,nan,25,nan,nan,0.33883993592939066,0.03569258191195508,0.7820882328696004,0.03829797270684643,0.6806871930330446,0.04198748760233513,0.6141755357406689,0.04796252104312328,0.20000000000000004,2.832791573980247e-17,0.10140103983655578,0.01792288709734596,nan,nan,0.33269799999999994,0.0738695972079628,nan,nan,nan,nan,0.35899199238683366,0.03644533427781871,0.20209508411464874,0.030243264541618218,0.028449915288247096,0.012723215183732085,0.5326650845161778,0.02059321761252263
S6_under,owl_clipped,500,nan,nan,25,nan,nan,0.3366312864870605,0.03726919196688535,0.7827399583952545,0.04155481027252489,0.681783293739448,0.04533657383013933,0.6155612336036144,0.05101736016331756,0.20000000000000004,2.832791573980247e-17,0.10095666465580651,0.017634717657892315,nan,nan,0.330338,0.07346972772282925,nan,nan,nan,nan,0.35665668810845397,0.038051415906500574,0.20054960365307775,0.029282945703866154,0.02855466570033389,0.013224606670773067,0.532560334104091,0.021136181111662784
S6_under,owl_robust_map,500,nan,nan,25,nan,nan,0.3253746383657349,0.03613324241767674,0.7683920155321559,0.0382279327675872,0.6879192007663713,0.03414115576505293,0.635051984395768,0.03691589359758396,0.20000000000000004,2.832791573980247e-17,0.0804728147657846,0.019021444932953484,nan,nan,0.227824,0.07360114939093457,nan,nan,nan,nan,0.34507667446286006,0.039217855663388576,0.16643601210561326,0.03399559810839614,0.010680516891082252,0.007488448539231461,0.5504344829133427,0.018349380694747747
S6_under,oracle_true_owl,500,nan,nan,25,nan,nan,0.317586893592391,0.03326436753295541,0.7465062182055598,0.04244012751342668,0.6820885427379965,0.03510982779753537,0.6397326549690006,0.03393437297062607,0.20000000000000004,2.832791573980247e-17,0.0644176754675632,0.016502655124941302,nan,nan,0.15463200000000002,0.0610752795054322,nan,nan,nan,nan,0.3351612969397994,0.0369428085769158,0.1381736266085021,0.031353733082972256,0.0,0.0,0.5611149998044249,0.014190276431631755
S6_under,pac_nominal_gibbs,500,0.3,nan,25,nan,nan,0.3639311227833282,0.031772759495818995,0.7632591848174506,0.04103478003746111,0.6702402635764004,0.040655345907458285,0.6091972708282222,0.04317470857612125,0.20000000000000004,2.832791573980247e-17,0.09301892124105017,0.0146962618934487,nan,nan,0.2967638312248488,0.05370787516790941,1.007225668281024,0.2249940880924776,nan,nan,0.3802614853740032,0.03237713483914937,0.1856578541913397,0.025023519115975352,0.028724245452508294,0.009066237033094256,0.5323907543519166,0.015920841033145904
S6_under,pac_robust_gibbs,500,0.3,0.2,25,1.0,0.0,0.3664603121902951,0.028849904044585716,0.7556270311140448,0.0407361457503209,0.6666954619591168,0.04007733229924097,0.6083184167120339,0.0421719273197625,0.20000000000000004,2.832791573980247e-17,0.08893156915492816,0.013898489915602281,0.13612158600295152,0.02759885147056326,0.27926291474081283,0.04954638447163443,0.8419041620194798,0.20652092170653719,0.3974840594773309,0.035157959061255566,0.3822546966056318,0.02962269034453741,0.1785043940489845,0.023803459695221876,0.02750935432414257,0.008316985519698828,0.5336056454802823,0.01556700235181731
S6_under,pac_robust_gibbs,500,0.3,0.1,25,1.0,0.0,0.3664603121902951,0.028849904044585716,0.7556270311140448,0.0407361457503209,0.6666954619591168,0.04007733229924097,0.6083184167120339,0.0421719273197625,0.20000000000000004,2.832791573980247e-17,0.08893156915492816,0.013898489915602281,0.15922649202161637,0.02759885147056326,0.27926291474081283,0.04954638447163443,0.8419041620194798,0.20652092170653719,0.37437915345866607,0.035157959061255566,0.3822546966056318,0.02962269034453741,0.1785043940489845,0.023803459695221876,0.02750935432414257,0.008316985519698828,0.5336056454802823,0.01556700235181731
S6_under,pac_robust_gibbs,500,0.3,0.05,25,1.0,0.0,0.3664603121902951,0.028849904044585716,0.7556270311140448,0.0407361457503209,0.6666954619591168,0.04007733229924097,0.6083184167120339,0.0421719273197625,0.20000000000000004,2.832791573980247e-17,0.08893156915492816,0.013898489915602281,0.18233139804028117,0.027598851470563252,0.27926291474081283,0.04954638447163443,0.8419041620194798,0.20652092170653719,0.35127424744000124,0.03515795906125555,0.3822546966056318,0.02962269034453741,0.1785043940489845,0.023803459695221876,0.02750935432414257,0.008316985519698828,0.5336056454802823,0.01556700235181731
S6_under,pac_nominal_gibbs,500,1.0,nan,25,nan,nan,0.34800738825459177,0.03651666139057988,0.7850264680409365,0.040888579696802874,0.6881191648863495,0.04168000416689194,0.6245238203361169,0.044976737547183954,0.20000000000000004,2.832791573980247e-17,0.09690730315458711,0.015117283352449426,nan,nan,0.3081867005212456,0.058275662794132675,2.0373291762918044,0.2839937718105032,nan,nan,0.3670275036792895,0.03728644903562576,0.1941801712137649,0.025747416598915947,0.02377518632788138,0.010158201772312966,0.5373398134765436,0.018335097215778185
S6_under,pac_robust_gibbs,500,1.0,0.2,25,1.0,0.0,0.34748390255080475,0.035600387231422864,0.7819632379398322,0.04143590119529274,0.6910311266731836,0.0395538504718206,0.631324644000652,0.04094025561645151,0.20000000000000004,2.832791573980247e-17,0.09093211126664859,0.014032645247646034,0.5129291638480029,0.03294853807006264,0.2783950060254221,0.050603758462001415,2.0407581951209095,0.3279514239150326,0.02952916559763365,0.038516643388737885,0.3671091737453071,0.03746073619637187,0.18401602050811847,0.023602999628263618,0.018656670358788426,0.008023146485244687,0.5424583294456365,0.01751406837922611
S6_under,pac_robust_gibbs,500,1.0,0.1,25,1.0,0.0,0.34748390255080475,0.035600387231422864,0.7819632379398322,0.04143590119529274,0.6910311266731836,0.0395538504718206,0.631324644000652,0.04094025561645151,0.20000000000000004,2.832791573980247e-17,0.09093211126664859,0.014032645247646034,0.5198606356536023,0.032948538070062636,0.2783950060254221,0.050603758462001415,2.0407581951209095,0.3279514239150326,0.022597693792034215,0.03851664338873787,0.3671091737453071,0.03746073619637187,0.18401602050811847,0.023602999628263618,0.018656670358788426,0.008023146485244687,0.5424583294456365,0.01751406837922611
S6_under,pac_robust_gibbs,500,1.0,0.05,25,1.0,0.0,0.34748390255080475,0.035600387231422864,0.7819632379398322,0.04143590119529274,0.6910311266731836,0.0395538504718206,0.631324644000652,0.04094025561645151,0.20000000000000004,2.832791573980247e-17,0.09093211126664859,0.014032645247646034,0.5267921074592018,0.03294853807006264,0.2783950060254221,0.050603758462001415,2.0407581951209095,0.3279514239150326,0.01566622198643475,0.03851664338873788,0.3671091737453071,0.03746073619637187,0.18401602050811847,0.023602999628263618,0.018656670358788426,0.008023146485244687,0.5424583294456365,0.01751406837922611
S6_under,pac_nominal_gibbs,500,3.0,nan,25,nan,nan,0.3434299766964206,0.03628807953829682,0.7872832870065387,0.040893635498685715,0.6897362201406042,0.04174237684135677,0.6257219375595606,0.04535901133149981,0.20000000000000004,2.832791573980247e-17,0.09754706686593469,0.015917856344632424,nan,nan,0.31079341585648224,0.06201694765437478,2.3849814553881554,0.38836574095301185,nan,nan,0.3630259475049496,0.03681122798249312,0.19549487284507908,0.027287244083329373,0.023506190843614147,0.011525030052275582,0.5376088089608108,0.019156055895214814
S6_under,pac_robust_gibbs,500,3.0,0.2,25,1.0,0.0,0.3397103502989068,0.037279513956907664,0.7844532390653914,0.041870206612926154,0.6945005708142581,0.038935145581225704,0.6354228884417616,0.03964759902735634,0.20000000000000004,2.832791573980247e-17,0.08995266825113349,0.013968333278294434,1.7393020539612851,0.03437769060418752,0.2730887795367781,0.05167877807562349,2.577649300260969,0.37198750510598017,-1.1944563865613922,0.03887015736451414,0.35948663494178734,0.039752997885455,0.18292991898537317,0.02401984609216427,0.01626933240453183,0.008291466132660985,0.5448456673998932,0.01701033983585538
S6_under,pac_robust_gibbs,500,3.0,0.1,25,1.0,0.0,0.3397103502989068,0.037279513956907664,0.7844532390653914,0.041870206612926154,0.6945005708142581,0.038935145581225704,0.6354228884417616,0.03964759902735634,0.20000000000000004,2.832791573980247e-17,0.08995266825113349,0.013968333278294434,1.7416125445631518,0.034377690604187564,0.2730887795367781,0.05167877807562349,2.577649300260969,0.37198750510598017,-1.1967668771632587,0.0388701573645142,0.35948663494178734,0.039752997885455,0.18292991898537317,0.02401984609216427,0.01626933240453183,0.008291466132660985,0.5448456673998932,0.01701033983585538
S6_under,pac_robust_gibbs,500,3.0,0.05,25,1.0,0.0,0.3397103502989068,0.037279513956907664,0.7844532390653914,0.041870206612926154,0.6945005708142581,0.038935145581225704,0.6354228884417616,0.03964759902735634,0.20000000000000004,2.832791573980247e-17,0.08995266825113349,0.013968333278294434,1.7439230351650181,0.034377690604187536,0.2730887795367781,0.05167877807562349,2.577649300260969,0.37198750510598017,-1.199077367765125,0.038870157364514164,0.35948663494178734,0.039752997885455,0.18292991898537317,0.02401984609216427,0.01626933240453183,0.008291466132660985,0.5448456673998932,0.01701033983585538
S6_over,owl_standard,200,nan,nan,25,nan,nan,0.2903284576220601,0.040889737037997864,0.834308813276628,0.05153450734343517,0.5896189329540088,0.05964645143552664,0.6606314312266689,0.052013612954645565,0.20000000000000004,2.832791573980247e-17,0.2446898803226194,0.05307470963023731,nan,nan,0.32524200000000003,0.07815975984055563,nan,nan,nan,nan,0.3081804897470045,0.04578285889584202,0.42934060133764185,0.08842535791076331,0.016097180876806626,0.0055207718646707446,0.5192738010611485,0.01592626959403172
S6_over,owl_clipped,200,nan,nan,25,nan,nan,0.29253089993464065,0.043484108189228515,0.8398988710467694,0.0503657489583884,0.5918456579870159,0.053911710594581955,0.6638381722836588,0.047371434190132414,0.20000000000000004,2.832791573980247e-17,0.24805321305975334,0.05203424635154525,nan,nan,0.327652,0.07717746929426143,nan,nan,nan,nan,0.31089760133568567,0.04907199606098907,0.4300850920919239,0.08478125311916504,0.01626229504778584,0.005958719704341726,0.5191086868901693,0.016104692369099345
S6_over,owl_robust_map,200,nan,nan,25,nan,nan,0.2615942935758907,0.041573777096270234,0.7675413083340966,0.06276339688429787,0.6153759857423365,0.06276205350480255,0.6593487101621455,0.06008403295789008,0.20000000000000004,2.832791573980247e-17,0.1521653225917601,0.03966358964891184,nan,nan,0.149718,0.05754934274168559,nan,nan,nan,nan,0.27403139727001613,0.04554627716076423,0.2870338349677166,0.07438494071975628,-0.007280427673344492,0.007463571432715392,0.5426514096112998,0.016492281388420706
S6_over,oracle_true_owl,200,nan,nan,25,nan,nan,0.2695789407321647,0.038555210339111544,0.800794718775697,0.05238918407327137,0.6149119170392876,0.05616140286268348,0.6687954397519675,0.050659205812432606,0.20000000000000004,2.832791573980247e-17,0.1858828017364095,0.04815006425961646,nan,nan,0.209372,0.06980482176516653,nan,nan,nan,nan,0.2834789974240809,0.04319649795898265,0.33745146006554266,0.08033809445796256,0.0,0.0,0.5353709819379552,0.01522922619252543
S6_over,pac_nominal_gibbs,200,0.3,nan,25,nan,nan,0.3403226783540409,0.030629621985864965,0.7684371146763315,0.04777892387613945,0.5580644362724076,0.049969697224843866,0.6190639794642382,0.045863042600683405,0.20000000000000004,2.832791573980247e-17,0.2103726784039237,0.03986920155753352,nan,nan,0.27696013484748305,0.05388723063003403,0.4608546346653037,0.09654920364817826,nan,nan,0.3541384677022853,0.032275617097240084,0.3830389248437033,0.06939242813295154,0.018106974263486817,0.006515600880268277,0.5172640076744683,0.011057884691011311
S6_over,pac_robust_gibbs,200,0.3,0.2,25,1.0,0.0,0.34103951782635006,0.029337145650173604,0.7441337341422376,0.04635217112676119,0.5547561796697997,0.051690943070428104,0.6096339845260399,0.04796929025277395,0.20000000000000004,2.832791573980247e-17,0.18937755447243781,0.03230787217109291,0.3116338112072554,0.038321058806811734,0.24350706409583014,0.04425265596632033,0.29676035085228153,0.09561594529414885,0.20840632439593468,0.04602857833176735,0.353353293264602,0.030001855031391907,0.3532036812504425,0.06013162576597984,0.015330846334765148,0.006714327026857564,0.5200401356031901,0.010316450690736266
S6_over,pac_robust_gibbs,200,0.3,0.1,25,1.0,0.0,0.34103951782635006,0.029337145650173604,0.7441337341422376,0.04635217112676119,0.5547561796697997,0.051690943070428104,0.6096339845260399,0.04796929025277395,0.20000000000000004,2.832791573980247e-17,0.18937755447243781,0.03230787217109291,0.3693960762539175,0.03832105880681173,0.24350706409583014,0.04425265596632033,0.29676035085228153,0.09561594529414885,0.1506440593492725,0.04602857833176734,0.353353293264602,0.030001855031391907,0.3532036812504425,0.06013162576597984,0.015330846334765148,0.006714327026857564,0.5200401356031901,0.010316450690736266
S6_over,pac_robust_gibbs,200,0.3,0.05,25,1.0,0.0,0.34103951782635006,0.029337145650173604,0.7441337341422376,0.04635217112676119,0.5547561796697997,0.051690943070428104,0.6096339845260399,0.04796929025277395,0.20000000000000004,2.832791573980247e-17,0.18937755447243781,0.03230787217109291,0.42715834130057956,0.038321058806811706,0.24350706409583014,0.04425265596632033,0.29676035085228153,0.09561594529414885,0.09288179430261045,0.04602857833176733,0.353353293264602,0.030001855031391907,0.3532036812504425,0.06013162576597984,0.015330846334765148,0.006714327026857564,0.5200401356031901,0.010316450690736266
S6_over,pac_nominal_gibbs,200,1.0,nan,25,nan,nan,0.3083385818418792,0.0414696869408156,0.8367681781508243,0.050556953256528675,0.5977267213728428,0.05746827299806396,0.6670915840319961,0.05000416060935813,0.20000000000000004,2.832791573980247e-17,0.23904145677798158,0.053115302734226724,nan,nan,0.3090866308692248,0.08016132864644103,1.9321944672318967,0.36310750292988353,nan,nan,0.3265324130367763,0.046548306411898395,0.4159967804258824,0.08857832432527632,0.014421932303954797,0.007009045174848812,0.5209490496340003,0.015466696762363567
S6_over,pac_robust_gibbs,200,1.0,0.2,25,1.0,0.0,0.3118441285766967,0.04320860885660934,0.793628644813559,0.05308114407268662,0.6025653144323904,0.061066154996705854,0.6579321862342218,0.055991555441006605,0.20000000000000004,2.832791573980247e-17,0.19106333038116852,0.03953088397093859,0.6275439008489557,0.04481746431908785,0.22457548492452115,0.06472845499118325,1.3988446249458257,0.3868927277841516,-0.09764174900210762,0.05415580378240658,0.326322859162811,0.045416855453212585,0.3465939266652777,0.07314474376765412,0.005468830091107129,0.0069146413167217495,0.5299021518468482,0.014526326917002681
S6_over,pac_robust_gibbs,200,1.0,0.1,25,1.0,0.0,0.3118441285766967,0.04320860885660934,0.793628644813559,0.05308114407268662,0.6025653144323904,0.061066154996705854,0.6579321862342218,0.055991555441006605,0.20000000000000004,2.832791573980247e-17,0.19106333038116852,0.03953088397093859,0.6448725803629543,0.04481746431908785,0.22457548492452115,0.06472845499118325,1.3988446249458257,0.3868927277841516,-0.11497042851610624,0.054155803782406586,0.326322859162811,0.045416855453212585,0.3465939266652777,0.07314474376765412,0.005468830091107129,0.0069146413167217495,0.5299021518468482,0.014526326917002681
S6_over,pac_robust_gibbs,200,1.0,0.05,25,1.0,0.0,0.3118441285766967,0.04320860885660934,0.793628644813559,0.05308114407268662,0.6025653144323904,0.061066154996705854,0.6579321862342218,0.055991555441006605,0.20000000000000004,2.832791573980247e-17,0.19106333038116852,0.03953088397093859,0.6622012598769529,0.044817464319087834,0.22457548492452115,0.06472845499118325,1.3988446249458257,0.3868927277841516,-0.13229910803010486,0.05415580378240657,0.326322859162811,0.045416855453212585,0.3465939266652777,0.07314474376765412,0.005468830091107129,0.0069146413167217495,0.5299021518468482,0.014526326917002681
S6_over,pac_nominal_gibbs,200,3.0,nan,25,nan,nan,0.29619192112465176,0.0429607294215236,0.8478505238717254,0.05074453241352312,0.6051205691477287,0.06060479003399443,0.6755691362468401,0.052523054127629185,0.20000000000000004,2.832791573980247e-17,0.2427299547239966,0.05376251423208193,nan,nan,0.3126138690617833,0.08338883749127969,2.5933499052695015,0.3863388267585695,nan,nan,0.3138848528645066,0.04826396986354765,0.41949980521929625,0.09026511866362297,0.013740250372051682,0.009003986125559714,0.5216307315659034,0.016599704626974403
S6_over,pac_robust_gibbs,200,3.0,0.2,25,1.0,0.0,0.28681654653875266,0.048911391820796846,0.8091701189555208,0.05618702985068135,0.6208737444422373,0.060001743094281856,0.6754858098393387,0.054217750939153736,0.20000000000000004,2.832791573980247e-17,0.1882963745132834,0.05038079339626682,1.8228872374542582,0.04901901950762981,0.2098305742330821,0.08827688146644996,2.544932039804057,0.4325004727248102,-1.2887460051597472,0.058386133189570914,0.3014923029380497,0.05305432998736399,0.33709461483687647,0.08929408944307236,0.0012297496434443955,0.010098948557453816,0.5341412322945108,0.01744892579613586
S6_over,pac_robust_gibbs,200,3.0,0.1,25,1.0,0.0,0.28681654653875266,0.048911391820796846,0.8091701189555208,0.05618702985068135,0.6208737444422373,0.060001743094281856,0.6754858098393387,0.054217750939153736,0.20000000000000004,2.832791573980247e-17,0.1882963745132834,0.05038079339626682,1.828663463958924,0.049019019507629796,0.2098305742330821,0.08827688146644996,2.544932039804057,0.4325004727248102,-1.2945222316644134,0.058386133189570914,0.3014923029380497,0.05305432998736399,0.33709461483687647,0.08929408944307236,0.0012297496434443955,0.010098948557453816,0.5341412322945108,0.01744892579613586
S6_over,pac_robust_gibbs,200,3.0,0.05,25,1.0,0.0,0.28681654653875266,0.048911391820796846,0.8091701189555208,0.05618702985068135,0.6208737444422373,0.060001743094281856,0.6754858098393387,0.054217750939153736,0.20000000000000004,2.832791573980247e-17,0.1882963745132834,0.05038079339626682,1.8344396904635902,0.04901901950762983,0.2098305742330821,0.08827688146644996,2.544932039804057,0.4325004727248102,-1.3002984581690797,0.0583861331895709,0.3014923029380497,0.05305432998736399,0.33709461483687647,0.08929408944307236,0.0012297496434443955,0.010098948557453816,0.5341412322945108,0.01744892579613586
S6_over,owl_standard,500,nan,nan,25,nan,nan,0.3317420116323906,0.02395797258907503,0.7830730711603507,0.03817426028968411,0.5278231671474308,0.05049350336868826,0.6019327573927478,0.044721887571179716,0.20000000000000004,2.832791573980247e-17,0.2552499040129199,0.033010326565636655,nan,nan,0.36268199999999995,0.06288862158610252,nan,nan,nan,nan,0.35417594098475214,0.020871756159151465,0.49082899622740184,0.04945112228143786,0.0298236309262343,0.010183190051828885,0.5247199742428394,0.014425915128033363
S6_over,owl_clipped,500,nan,nan,25,nan,nan,0.3334480708631357,0.028416323040290573,0.7815406774977045,0.037432711009278856,0.5244049562012782,0.04970187545421455,0.5990775491729411,0.04356735684922379,0.20000000000000004,2.832791573980247e-17,0.25713572129642626,0.03574487243131036,nan,nan,0.36889000000000005,0.06854249442255998,nan,nan,nan,nan,0.354142157690071,0.02568538173840579,0.4950345137508079,0.057874239528978993,0.030980555455974973,0.00933952313478843,0.5235630497130987,0.014270725972660686
S6_over,owl_robust_map,500,nan,nan,25,nan,nan,0.2950034312346249,0.03320598581265052,0.6978954513467613,0.044654125535168794,0.5785543268748836,0.040086921180937686,0.6129418964294701,0.03947173955097948,0.20000000000000004,2.832791573980247e-17,0.11934112447187761,0.027416241850477627,nan,nan,0.098794,0.04254250893714035,nan,nan,nan,nan,0.3092350304541453,0.03638671944532675,0.2630439969831732,0.054412722296544355,-0.00881467614130954,0.007291907402645938,0.5633582813103833,0.010294277747321553
S6_over,oracle_true_owl,500,nan,nan,25,nan,nan,0.3068399984093873,0.03342660903990812,0.734859025949377,0.03379989212378244,0.5727222228486283,0.037021768282187624,0.6195827813111808,0.03298118993438827,0.20000000000000004,2.832791573980247e-17,0.16213680310074874,0.032122955953537945,nan,nan,0.17826600000000004,0.05432320084457468,nan,nan,nan,nan,0.3236267805862284,0.03633491648164479,0.34202777401163975,0.058689110842386136,0.0,0.0,0.5545436051690738,0.01283081173707823
S6_over,pac_nominal_gibbs,500,0.3,nan,25,nan,nan,0.3616637882090189,0.026094675185515212,0.7614522131297586,0.039661433895208945,0.5230594808612316,0.04436440311408283,0.5922612516654479,0.04079411090005812,0.20000000000000004,2.832791573980247e-17,0.23839382797182487,0.03006719746901911,nan,nan,0.3348726211521921,0.052428335595182736,1.2336798669537743,0.25657391908705446,nan,nan,0.3798837990087157,0.02287165270428289,0.46113758525251086,0.0460771563675323,0.031213892023664237,0.00848063420411759,0.5233297131454095,0.011923444516316946
S6_over,pac_robust_gibbs,500,0.3,0.2,25,1.0,0.0,0.35542965330015314,0.021706287367902765,0.7054568421215803,0.039017213822980026,0.5411198720498329,0.040361856911277284,0.5886834542696859,0.038707585086955806,0.20000000000000004,2.832791573980247e-17,0.1643381753069735,0.021406821780906207,0.26582139716734265,0.027080357144509612,0.1981115563326191,0.03490082067623929,0.8064393653580235,0.19463580631691343,0.2730906294567624,0.03516878136469774,0.36811451736571776,0.02146899262353449,0.33933630608424,0.03842504234862244,0.015631578544968754,0.0075157767461990176,0.5389120266241051,0.010228636612769317
S6_over,pac_robust_gibbs,500,0.3,0.1,25,1.0,0.0,0.35542965330015314,0.021706287367902765,0.7054568421215803,0.039017213822980026,0.5411198720498329,0.040361856911277284,0.5886834542696859,0.038707585086955806,0.20000000000000004,2.832791573980247e-17,0.1643381753069735,0.021406821780906207,0.28892630318600754,0.0270803571445096,0.1981115563326191,0.03490082067623929,0.8064393653580235,0.19463580631691343,0.24998572343809747,0.035168781364697733,0.36811451736571776,0.02146899262353449,0.33933630608424,0.03842504234862244,0.015631578544968754,0.0075157767461990176,0.5389120266241051,0.010228636612769317
S6_over,pac_robust_gibbs,500,0.3,0.05,25,1.0,0.0,0.35542965330015314,0.021706287367902765,0.7054568421215803,0.039017213822980026,0.5411198720498329,0.040361856911277284,0.5886834542696859,0.038707585086955806,0.20000000000000004,2.832791573980247e-17,0.1643381753069735,0.021406821780906207,0.31203120920467237,0.027080357144509615,0.1981115563326191,0.03490082067623929,0.8064393653580235,0.19463580631691343,0.22688081741943267,0.03516878136469775,0.36811451736571776,0.02146899262353449,0.33933630608424,0.03842504234862244,0.015631578544968754,0.0075157767461990176,0.5389120266241051,0.010228636612769317
S6_over,pac_nominal_gibbs,500,1.0,nan,25,nan,nan,0.34178540956635617,0.025478686397481562,0.7849136215598093,0.03768378059229338,0.5293292356800707,0.049618090458878,0.6035381780288627,0.04381088855186099,0.20000000000000004,2.832791573980247e-17,0.25558440416589345,0.0338335625589479,nan,nan,0.3625555671619465,0.06435794895427631,2.2972111604319925,0.2414130030602671,nan,nan,0.3617847401739756,0.021794774140779797,0.49104698747669606,0.052022178437010375,0.02987344424860342,0.009347091379866215,0.5246701609204704,0.013827045235878325
S6_over,pac_robust_gibbs,500,1.0,0.2,25,1.0,0.0,0.3064318805234797,0.03109387287478274,0.7038329637429125,0.04274004953170518,0.5761502289243228,0.04011973005874913,0.6129865838112332,0.03888873195079485,0.20000000000000004,2.832791573980247e-17,0.12768276769074322,0.027250225585346614,0.6507921805944271,0.03312080545336804,0.11483234562593124,0.04452298670372493,2.571610907943023,0.2967890845688215,-0.0906602592794484,0.038973117448325774,0.32064836332490354,0.033247585231705436,0.27734979955901956,0.05383898069275825,-0.005588316145904839,0.007412215455794275,0.5601319213149787,0.011177265695435952
S6_over,pac_robust_gibbs,500,1.0,0.1,25,1.0,0.0,0.3064318805234797,0.03109387287478274,0.7038329637429125,0.04274004953170518,0.5761502289243228,0.04011973005874913,0.6129865838112332,0.03888873195079485,0.20000000000000004,2.832791573980247e-17,0.12768276769074322,0.027250225585346614,0.6577236524000266,0.03312080545336803,0.11483234562593124,0.04452298670372493,2.571610907943023,0.2967890845688215,-0.09759173108504787,0.03897311744832576,0.32064836332490354,0.033247585231705436,0.27734979955901956,0.05383898069275825,-0.005588316145904839,0.007412215455794275,0.5601319213149787,0.011177265695435952
S6_over,pac_robust_gibbs,500,1.0,0.05,25,1.0,0.0,0.3064318805234797,0.03109387287478274,0.7038329637429125,0.04274004953170518,0.5761502289243228,0.04011973005874913,0.6129865838112332,0.03888873195079485,0.20000000000000004,2.832791573980247e-17,0.12768276769074322,0.027250225585346614,0.6646551242056259,0.033120805453368,0.11483234562593124,0.04452298670372493,2.571610907943023,0.2967890845688215,-0.1045232028906473,0.03897311744832574,0.32064836332490354,0.033247585231705436,0.27734979955901956,0.05383898069275825,-0.005588316145904839,0.007412215455794275,0.5601319213149787,0.011177265695435952
S6_over,pac_nominal_gibbs,500,3.0,nan,25,nan,nan,0.3401441208435287,0.026087442387117018,0.7866084745301073,0.03712595363650068,0.5300750975153805,0.049324337328832554,0.6045527799235141,0.04348933918736497,0.20000000000000004,2.832791573980247e-17,0.25653337701513773,0.03354893504582815,nan,nan,0.36337550159261434,0.06405086549355116,2.5649570198651532,0.33796933763975623,nan,nan,0.3599885887554194,0.022250187594648033,0.49276759760432154,0.05179921843544091,0.029574605899706743,0.009494544368217487,0.524968999269367,0.013667306053975764
S6_over,pac_robust_gibbs,500,3.0,0.2,25,1.0,0.0,0.29599525127994913,0.031710995516198506,0.7004943851525396,0.04108993176771397,0.5787816271433622,0.03973534334768729,0.6138642143776291,0.038123458608418356,0.20000000000000004,2.832791573980247e-17,0.12171275801411774,0.027020230437704747,1.873337631619897,0.03319950984208287,0.10335435053214623,0.04296194700873813,2.9338037020347576,0.1688875635749477,-1.3113625115715337,0.03954957318110379,0.3101150851111108,0.034764900164106424,0.26632621180813204,0.054062523215897766,-0.007431514879289733,0.007826141027872342,0.5619751200483635,0.011503867055918776
S6_over,pac_robust_gibbs,500,3.0,0.1,25,1.0,0.0,0.29599525127994913,0.031710995516198506,0.7004943851525396,0.04108993176771397,0.5787816271433622,0.03973534334768729,0.6138642143776291,0.038123458608418356,0.20000000000000004,2.832791573980247e-17,0.12171275801411774,0.027020230437704747,1.8756481222217636,0.033199509842082864,0.10335435053214623,0.04296194700873813,2.9338037020347576,0.1688875635749477,-1.3136730021734002,0.039549573181103796,0.3101150851111108,0.034764900164106424,0.26632621180813204,0.054062523215897766,-0.007431514879289733,0.007826141027872342,0.5619751200483635,0.011503867055918776
S6_over,pac_robust_gibbs,500,3.0,0.05,25,1.0,0.0,0.29599525127994913,0.031710995516198506,0.7004943851525396,0.04108993176771397,0.5787816271433622,0.03973534334768729,0.6138642143776291,0.038123458608418356,0.20000000000000004,2.832791573980247e-17,0.12171275801411774,0.027020230437704747,1.8779586128236303,0.033199509842082905,0.10335435053214623,0.04296194700873813,2.9338037020347576,0.1688875635749477,-1.3159834927752667,0.03954957318110383,0.3101150851111108,0.034764900164106424,0.26632621180813204,0.054062523215897766,-0.007431514879289733,0.007826141027872342,0.5619751200483635,0.011503867055918776
